run_no,avg_susceptibility,avg_recovery_time,initial_population,initial_infected,average_death_rate,average_recovery_rate,quarantine_delay,mass_testing_intensity,social_distancing_intensity,lockdown_intensity,final_pop,day_max_infected,day_max_infetion,total_recovered,total_deaths,total_quarantined,max_infected,max_variance,max_mean
1.0,60.0,504.0,5000.0,1.0,0.2,90.0,1.0,0.0,0.0,0.0,1931.0,36.0,25.0,1930.0,3069.0,0.0,10.0,1.4024482459999998,2.333333333
2.0,60.0,504.0,5000.0,1.0,0.2,90.0,1.0,0.0,0.0,80.0,2292.0,65.0,43.0,1541.0,2708.0,0.0,15.0,1.541252511,2.077262693
3.0,60.0,504.0,5000.0,1.0,0.2,90.0,1.0,0.0,0.0,90.0,3750.0,65.0,52.0,668.0,1250.0,0.0,14.0,1.797459081,2.101694915
4.0,60.0,504.0,5000.0,1.0,0.2,90.0,1.0,0.0,0.0,100.0,4812.0,12.0,10.0,123.0,188.0,0.0,13.0,1.838972045,2.1818181819999998
5.0,60.0,504.0,5000.0,1.0,0.2,90.0,1.0,0.0,70.0,0.0,4270.0,65.0,65.0,325.0,730.0,0.0,9.0,1.501710736,2.210526316
6.0,60.0,504.0,5000.0,1.0,0.2,90.0,1.0,0.0,70.0,80.0,4797.0,49.0,19.0,117.0,203.0,0.0,6.0,1.300093805,2.227272727
7.0,60.0,504.0,5000.0,1.0,0.2,90.0,1.0,0.0,70.0,90.0,4822.0,44.0,21.0,114.0,178.0,0.0,8.0,1.84773311,3.0
8.0,60.0,504.0,5000.0,1.0,0.2,90.0,1.0,0.0,70.0,100.0,4776.0,60.0,29.0,117.0,224.0,0.0,9.0,1.609973782,2.160493827
9.0,60.0,504.0,5000.0,1.0,0.2,90.0,1.0,0.0,80.0,0.0,4810.0,65.0,51.0,98.0,190.0,0.0,7.0,1.464292739,2.28125
10.0,60.0,504.0,5000.0,1.0,0.2,90.0,1.0,0.0,80.0,80.0,4810.0,64.0,30.0,104.0,190.0,0.0,7.0,1.549193338,2.073170732
11.0,60.0,504.0,5000.0,1.0,0.2,90.0,1.0,0.0,80.0,90.0,4823.0,64.0,36.0,109.0,177.0,0.0,6.0,1.303840481,2.25
12.0,60.0,504.0,5000.0,1.0,0.2,90.0,1.0,0.0,80.0,100.0,4871.0,65.0,46.0,72.0,129.0,0.0,6.0,1.527525232,3.0
13.0,60.0,504.0,5000.0,1.0,0.2,90.0,1.0,0.0,90.0,0.0,4992.0,64.0,60.0,4.0,8.0,0.0,3.0,1.4142135619999998,2.5
14.0,60.0,504.0,5000.0,1.0,0.2,90.0,1.0,0.0,90.0,80.0,4964.0,65.0,60.0,11.0,36.0,0.0,5.0,1.892969449,2.25
15.0,60.0,504.0,5000.0,1.0,0.2,90.0,1.0,0.0,90.0,90.0,4960.0,65.0,63.0,18.0,40.0,0.0,9.0,1.9645551980000002,3.0
16.0,60.0,504.0,5000.0,1.0,0.2,90.0,1.0,0.0,90.0,100.0,5000.0,15.0,15.0,1.0,0.0,0.0,1.0,0.0,1.0
17.0,60.0,504.0,5000.0,1.0,0.2,90.0,1.0,20.0,0.0,0.0,2048.0,45.0,29.0,2015.0,2952.0,3840.0,10.0,1.590485545,2.434782609
18.0,60.0,504.0,5000.0,1.0,0.2,90.0,1.0,20.0,0.0,80.0,3861.0,53.0,17.0,758.0,1139.0,1481.0,10.0,1.355870141,2.127272727
19.0,60.0,504.0,5000.0,1.0,0.2,90.0,1.0,20.0,0.0,90.0,4779.0,15.0,8.0,114.0,221.0,251.0,8.0,1.283045716,2.111111111
20.0,60.0,504.0,5000.0,1.0,0.2,90.0,1.0,20.0,0.0,100.0,4762.0,9.0,8.0,133.0,238.0,278.0,10.0,1.596531567,2.125
21.0,60.0,504.0,5000.0,1.0,0.2,90.0,1.0,20.0,70.0,0.0,4861.0,65.0,34.0,80.0,139.0,179.0,6.0,1.5537360080000002,2.157894737
22.0,60.0,504.0,5000.0,1.0,0.2,90.0,1.0,20.0,70.0,80.0,4897.0,57.0,28.0,68.0,103.0,137.0,6.0,1.390619836,2.25
23.0,60.0,504.0,5000.0,1.0,0.2,90.0,1.0,20.0,70.0,90.0,4847.0,58.0,37.0,105.0,153.0,215.0,6.0,1.322875656,2.105263158
24.0,60.0,504.0,5000.0,1.0,0.2,90.0,1.0,20.0,70.0,100.0,5000.0,0.0,0.0,0.0,0.0,1.0,0.0,0.0,0.0
25.0,60.0,504.0,5000.0,1.0,0.2,90.0,1.0,20.0,80.0,0.0,4965.0,36.0,31.0,21.0,35.0,43.0,5.0,1.949358869,2.857142857
26.0,60.0,504.0,5000.0,1.0,0.2,90.0,1.0,20.0,80.0,80.0,4959.0,65.0,62.0,31.0,41.0,65.0,5.0,1.6431676730000002,2.2
27.0,60.0,504.0,5000.0,1.0,0.2,90.0,1.0,20.0,80.0,90.0,5000.0,0.0,0.0,0.0,0.0,1.0,0.0,0.0,0.0
28.0,60.0,504.0,5000.0,1.0,0.2,90.0,1.0,20.0,80.0,100.0,4997.0,1.0,1.0,0.0,3.0,4.0,2.0,0.7071067809999999,2.0
29.0,60.0,504.0,5000.0,1.0,0.2,90.0,1.0,20.0,90.0,0.0,5000.0,20.0,6.0,2.0,0.0,3.0,1.0,0.0,1.0
30.0,60.0,504.0,5000.0,1.0,0.2,90.0,1.0,20.0,90.0,80.0,4999.0,1.0,0.0,0.0,1.0,1.0,1.0,0.0,1.0
31.0,60.0,504.0,5000.0,1.0,0.2,90.0,1.0,20.0,90.0,90.0,4998.0,22.0,8.0,7.0,2.0,10.0,2.0,0.7071067809999999,1.5
32.0,60.0,504.0,5000.0,1.0,0.2,90.0,1.0,20.0,90.0,100.0,5000.0,2.0,2.0,0.0,0.0,1.0,1.0,0.0,1.0
33.0,60.0,504.0,5000.0,1.0,0.2,90.0,1.0,60.0,0.0,0.0,5000.0,0.0,0.0,0.0,0.0,1.0,0.0,0.0,0.0
34.0,60.0,504.0,5000.0,1.0,0.2,90.0,1.0,60.0,0.0,80.0,4824.0,19.0,13.0,122.0,176.0,272.0,6.0,1.463850109,2.0
35.0,60.0,504.0,5000.0,1.0,0.2,90.0,1.0,60.0,0.0,90.0,4779.0,11.0,9.0,133.0,221.0,317.0,10.0,1.484967409,2.094594595
36.0,60.0,504.0,5000.0,1.0,0.2,90.0,1.0,60.0,0.0,100.0,4818.0,11.0,9.0,117.0,182.0,267.0,7.0,1.603567451,2.011904762
37.0,60.0,504.0,5000.0,1.0,0.2,90.0,1.0,60.0,70.0,0.0,5000.0,0.0,0.0,0.0,0.0,0.0,0.0,0.0,0.0
38.0,60.0,504.0,5000.0,1.0,0.2,90.0,1.0,60.0,70.0,80.0,4999.0,2.0,2.0,0.0,1.0,2.0,1.0,0.0,1.0
39.0,60.0,504.0,5000.0,1.0,0.2,90.0,1.0,60.0,70.0,90.0,4997.0,2.0,2.0,1.0,3.0,5.0,2.0,0.7071067809999999,2.0
40.0,60.0,504.0,5000.0,1.0,0.2,90.0,1.0,60.0,70.0,100.0,4987.0,8.0,8.0,6.0,13.0,17.0,5.0,1.7888543819999998,2.0
41.0,60.0,504.0,5000.0,1.0,0.2,90.0,1.0,60.0,80.0,0.0,5000.0,1.0,1.0,3.0,0.0,3.0,2.0,0.0,2.0
42.0,60.0,504.0,5000.0,1.0,0.2,90.0,1.0,60.0,80.0,80.0,5000.0,0.0,0.0,0.0,0.0,1.0,0.0,0.0,0.0
43.0,60.0,504.0,5000.0,1.0,0.2,90.0,1.0,60.0,80.0,90.0,4998.0,2.0,2.0,1.0,2.0,4.0,2.0,0.7071067809999999,1.5
44.0,60.0,504.0,5000.0,1.0,0.2,90.0,1.0,60.0,80.0,100.0,5000.0,1.0,1.0,1.0,0.0,2.0,1.0,0.0,1.0
45.0,60.0,504.0,5000.0,1.0,0.2,90.0,1.0,60.0,90.0,0.0,5000.0,0.0,0.0,0.0,0.0,1.0,0.0,0.0,0.0
46.0,60.0,504.0,5000.0,1.0,0.2,90.0,1.0,60.0,90.0,80.0,4998.0,4.0,4.0,1.0,2.0,5.0,2.0,0.7071067809999999,2.0
47.0,60.0,504.0,5000.0,1.0,0.2,90.0,1.0,60.0,90.0,90.0,5000.0,0.0,0.0,0.0,0.0,1.0,0.0,0.0,0.0
48.0,60.0,504.0,5000.0,1.0,0.2,90.0,1.0,60.0,90.0,100.0,5000.0,0.0,0.0,0.0,0.0,1.0,0.0,0.0,0.0
49.0,60.0,504.0,5000.0,1.0,0.2,90.0,1.0,100.0,0.0,0.0,2334.0,43.0,26.0,1609.0,2666.0,4023.0,10.0,1.799470822,2.285714286
50.0,60.0,504.0,5000.0,1.0,0.2,90.0,1.0,100.0,0.0,80.0,4858.0,12.0,8.0,106.0,142.0,236.0,5.0,1.049582885,1.92
51.0,60.0,504.0,5000.0,1.0,0.2,90.0,1.0,100.0,0.0,90.0,4803.0,7.0,6.0,115.0,197.0,289.0,7.0,1.4142135619999998,2.0
52.0,60.0,504.0,5000.0,1.0,0.2,90.0,1.0,100.0,0.0,100.0,4824.0,11.0,9.0,96.0,176.0,254.0,5.0,1.120897077,2.0
53.0,60.0,504.0,5000.0,1.0,0.2,90.0,1.0,100.0,70.0,0.0,5000.0,0.0,0.0,0.0,0.0,1.0,0.0,0.0,0.0
54.0,60.0,504.0,5000.0,1.0,0.2,90.0,1.0,100.0,70.0,80.0,4994.0,4.0,4.0,6.0,6.0,12.0,3.0,0.957427108,1.75
55.0,60.0,504.0,5000.0,1.0,0.2,90.0,1.0,100.0,70.0,90.0,5000.0,0.0,0.0,0.0,0.0,0.0,0.0,0.0,0.0
56.0,60.0,504.0,5000.0,1.0,0.2,90.0,1.0,100.0,70.0,100.0,4993.0,3.0,3.0,0.0,7.0,7.0,3.0,1.4142135619999998,2.0
57.0,60.0,504.0,5000.0,1.0,0.2,90.0,1.0,100.0,80.0,0.0,5000.0,0.0,0.0,0.0,0.0,1.0,0.0,0.0,0.0
58.0,60.0,504.0,5000.0,1.0,0.2,90.0,1.0,100.0,80.0,80.0,4999.0,1.0,1.0,1.0,1.0,2.0,1.0,0.0,1.0
59.0,60.0,504.0,5000.0,1.0,0.2,90.0,1.0,100.0,80.0,90.0,5000.0,2.0,2.0,2.0,0.0,3.0,1.0,0.0,1.0
60.0,60.0,504.0,5000.0,1.0,0.2,90.0,1.0,100.0,80.0,100.0,5000.0,0.0,0.0,0.0,0.0,1.0,0.0,0.0,0.0
61.0,60.0,504.0,5000.0,1.0,0.2,90.0,1.0,100.0,90.0,0.0,5000.0,0.0,0.0,0.0,0.0,1.0,0.0,0.0,0.0
62.0,60.0,504.0,5000.0,1.0,0.2,90.0,1.0,100.0,90.0,80.0,5000.0,1.0,1.0,0.0,0.0,2.0,1.0,0.0,1.0
63.0,60.0,504.0,5000.0,1.0,0.2,90.0,1.0,100.0,90.0,90.0,5000.0,0.0,0.0,0.0,0.0,1.0,0.0,0.0,0.0
64.0,60.0,504.0,5000.0,1.0,0.2,90.0,1.0,100.0,90.0,100.0,5000.0,0.0,0.0,0.0,0.0,1.0,0.0,0.0,0.0
65.0,60.0,504.0,5000.0,1.0,0.2,90.0,3.0,0.0,0.0,0.0,2008.0,50.0,39.0,1889.0,2992.0,0.0,13.0,1.525093235,2.118918919
66.0,60.0,504.0,5000.0,1.0,0.2,90.0,3.0,0.0,0.0,80.0,3213.0,65.0,64.0,875.0,1787.0,0.0,12.0,1.7849440909999998,2.197802198
67.0,60.0,504.0,5000.0,1.0,0.2,90.0,3.0,0.0,0.0,90.0,4099.0,65.0,15.0,523.0,901.0,0.0,15.0,1.5536661980000002,2.25
68.0,60.0,504.0,5000.0,1.0,0.2,90.0,3.0,0.0,0.0,100.0,4793.0,13.0,10.0,128.0,207.0,0.0,9.0,1.646545205,2.4
69.0,60.0,504.0,5000.0,1.0,0.2,90.0,3.0,0.0,70.0,0.0,4496.0,65.0,65.0,261.0,504.0,0.0,10.0,1.6212457809999998,2.2230769230000003
70.0,60.0,504.0,5000.0,1.0,0.2,90.0,3.0,0.0,70.0,80.0,4798.0,51.0,25.0,146.0,202.0,0.0,8.0,1.576137851,2.207317073
71.0,60.0,504.0,5000.0,1.0,0.2,90.0,3.0,0.0,70.0,90.0,4792.0,53.0,26.0,131.0,208.0,0.0,9.0,1.673320053,2.291666667
72.0,60.0,504.0,5000.0,1.0,0.2,90.0,3.0,0.0,70.0,100.0,4812.0,39.0,28.0,123.0,188.0,0.0,7.0,1.45718904,2.46875
73.0,60.0,504.0,5000.0,1.0,0.2,90.0,3.0,0.0,80.0,0.0,4631.0,65.0,47.0,210.0,369.0,0.0,9.0,1.7557882009999999,2.5625
74.0,60.0,504.0,5000.0,1.0,0.2,90.0,3.0,0.0,80.0,80.0,5000.0,0.0,0.0,0.0,0.0,0.0,0.0,0.0,0.0
75.0,60.0,504.0,5000.0,1.0,0.2,90.0,3.0,0.0,80.0,90.0,4844.0,65.0,46.0,75.0,156.0,0.0,6.0,1.662231086,2.666666667
76.0,60.0,504.0,5000.0,1.0,0.2,90.0,3.0,0.0,80.0,100.0,4838.0,65.0,30.0,98.0,162.0,0.0,6.0,1.275445241,2.5
77.0,60.0,504.0,5000.0,1.0,0.2,90.0,3.0,0.0,90.0,0.0,5000.0,0.0,0.0,0.0,0.0,0.0,0.0,0.0,0.0
78.0,60.0,504.0,5000.0,1.0,0.2,90.0,3.0,0.0,90.0,80.0,4998.0,7.0,7.0,0.0,2.0,0.0,2.0,0.0,2.0
79.0,60.0,504.0,5000.0,1.0,0.2,90.0,3.0,0.0,90.0,90.0,5000.0,0.0,0.0,0.0,0.0,0.0,0.0,0.0,0.0
80.0,60.0,504.0,5000.0,1.0,0.2,90.0,3.0,0.0,90.0,100.0,4999.0,2.0,2.0,0.0,1.0,0.0,1.0,0.0,1.0
81.0,60.0,504.0,5000.0,1.0,0.2,90.0,3.0,20.0,0.0,0.0,1978.0,50.0,37.0,1866.0,3022.0,2157.0,11.0,2.272363607,2.333333333
82.0,60.0,504.0,5000.0,1.0,0.2,90.0,3.0,20.0,0.0,80.0,2811.0,65.0,43.0,1097.0,2189.0,1595.0,13.0,1.724775582,2.0547263680000003
83.0,60.0,504.0,5000.0,1.0,0.2,90.0,3.0,20.0,0.0,90.0,4145.0,54.0,37.0,596.0,855.0,656.0,11.0,1.527525232,2.08
84.0,60.0,504.0,5000.0,1.0,0.2,90.0,3.0,20.0,0.0,100.0,4805.0,10.0,9.0,123.0,195.0,138.0,9.0,1.5,2.344827586
85.0,60.0,504.0,5000.0,1.0,0.2,90.0,3.0,20.0,70.0,0.0,4526.0,65.0,65.0,195.0,474.0,316.0,8.0,1.542315643,4.0
86.0,60.0,504.0,5000.0,1.0,0.2,90.0,3.0,20.0,70.0,80.0,4817.0,56.0,30.0,100.0,183.0,126.0,6.0,1.261053015,2.0810810809999998
87.0,60.0,504.0,5000.0,1.0,0.2,90.0,3.0,20.0,70.0,90.0,4795.0,45.0,27.0,128.0,205.0,166.0,8.0,1.4345970119999998,1.93877551
88.0,60.0,504.0,5000.0,1.0,0.2,90.0,3.0,20.0,70.0,100.0,5000.0,0.0,0.0,0.0,0.0,0.0,0.0,0.0,0.0
89.0,60.0,504.0,5000.0,1.0,0.2,90.0,3.0,20.0,80.0,0.0,4912.0,65.0,62.0,43.0,88.0,57.0,8.0,2.236067977,2.5
90.0,60.0,504.0,5000.0,1.0,0.2,90.0,3.0,20.0,80.0,80.0,4854.0,65.0,53.0,101.0,146.0,112.0,8.0,1.503493873,2.236842105
91.0,60.0,504.0,5000.0,1.0,0.2,90.0,3.0,20.0,80.0,90.0,4905.0,62.0,32.0,57.0,95.0,80.0,6.0,1.763834207,2.0
92.0,60.0,504.0,5000.0,1.0,0.2,90.0,3.0,20.0,80.0,100.0,5000.0,0.0,0.0,0.0,0.0,1.0,0.0,0.0,0.0
93.0,60.0,504.0,5000.0,1.0,0.2,90.0,3.0,20.0,90.0,0.0,4999.0,1.0,1.0,0.0,1.0,0.0,1.0,0.0,1.0
94.0,60.0,504.0,5000.0,1.0,0.2,90.0,3.0,20.0,90.0,80.0,4975.0,46.0,25.0,11.0,25.0,13.0,5.0,1.816590212,3.0
95.0,60.0,504.0,5000.0,1.0,0.2,90.0,3.0,20.0,90.0,90.0,4952.0,62.0,23.0,31.0,48.0,33.0,7.0,1.8337495369999999,2.8
96.0,60.0,504.0,5000.0,1.0,0.2,90.0,3.0,20.0,90.0,100.0,4994.0,21.0,1.0,0.0,6.0,0.0,3.0,0.0,3.0
97.0,60.0,504.0,5000.0,1.0,0.2,90.0,3.0,60.0,0.0,0.0,1991.0,54.0,36.0,1836.0,3009.0,3644.0,11.0,1.727854739,2.333333333
98.0,60.0,504.0,5000.0,1.0,0.2,90.0,3.0,60.0,0.0,80.0,3481.0,39.0,24.0,986.0,1519.0,1807.0,12.0,1.421557166,2.051282051
99.0,60.0,504.0,5000.0,1.0,0.2,90.0,3.0,60.0,0.0,90.0,4607.0,21.0,17.0,270.0,393.0,489.0,7.0,1.505042031,2.083333333
100.0,60.0,504.0,5000.0,1.0,0.2,90.0,3.0,60.0,0.0,100.0,4660.0,18.0,15.0,235.0,340.0,442.0,8.0,1.391516245,2.087301587
101.0,60.0,504.0,5000.0,1.0,0.2,90.0,3.0,60.0,70.0,0.0,4818.0,65.0,65.0,86.0,182.0,224.0,7.0,1.4142135619999998,2.0
102.0,60.0,504.0,5000.0,1.0,0.2,90.0,3.0,60.0,70.0,80.0,4877.0,50.0,24.0,81.0,123.0,150.0,6.0,1.732050808,2.2
103.0,60.0,504.0,5000.0,1.0,0.2,90.0,3.0,60.0,70.0,90.0,5000.0,0.0,0.0,0.0,0.0,0.0,0.0,0.0,0.0
104.0,60.0,504.0,5000.0,1.0,0.2,90.0,3.0,60.0,70.0,100.0,4860.0,36.0,15.0,86.0,140.0,156.0,5.0,1.5,2.0333333330000003
105.0,60.0,504.0,5000.0,1.0,0.2,90.0,3.0,60.0,80.0,0.0,4998.0,4.0,3.0,2.0,2.0,3.0,2.0,0.7071067809999999,2.0
106.0,60.0,504.0,5000.0,1.0,0.2,90.0,3.0,60.0,80.0,80.0,4989.0,32.0,25.0,7.0,11.0,15.0,3.0,0.957427108,2.0
107.0,60.0,504.0,5000.0,1.0,0.2,90.0,3.0,60.0,80.0,90.0,5000.0,0.0,0.0,0.0,0.0,1.0,0.0,0.0,0.0
108.0,60.0,504.0,5000.0,1.0,0.2,90.0,3.0,60.0,80.0,100.0,4992.0,15.0,15.0,4.0,8.0,12.0,3.0,1.154700538,2.0
109.0,60.0,504.0,5000.0,1.0,0.2,90.0,3.0,60.0,90.0,0.0,5000.0,0.0,0.0,0.0,0.0,1.0,0.0,0.0,0.0
110.0,60.0,504.0,5000.0,1.0,0.2,90.0,3.0,60.0,90.0,80.0,5000.0,0.0,0.0,0.0,0.0,1.0,0.0,0.0,0.0
111.0,60.0,504.0,5000.0,1.0,0.2,90.0,3.0,60.0,90.0,90.0,4998.0,2.0,2.0,0.0,2.0,3.0,1.0,0.0,1.0
112.0,60.0,504.0,5000.0,1.0,0.2,90.0,3.0,60.0,90.0,100.0,4991.0,30.0,19.0,5.0,9.0,11.0,3.0,1.154700538,3.0
113.0,60.0,504.0,5000.0,1.0,0.2,90.0,3.0,100.0,0.0,0.0,1942.0,45.0,31.0,1903.0,3058.0,3960.0,10.0,1.647446107,2.1818181819999998
114.0,60.0,504.0,5000.0,1.0,0.2,90.0,3.0,100.0,0.0,80.0,4798.0,15.0,9.0,129.0,202.0,256.0,12.0,1.803178931,2.30952381
115.0,60.0,504.0,5000.0,1.0,0.2,90.0,3.0,100.0,0.0,90.0,4641.0,19.0,15.0,238.0,359.0,486.0,11.0,1.675921275,2.144
116.0,60.0,504.0,5000.0,1.0,0.2,90.0,3.0,100.0,0.0,100.0,4828.0,11.0,9.0,106.0,172.0,231.0,7.0,1.380321869,2.0
117.0,60.0,504.0,5000.0,1.0,0.2,90.0,3.0,100.0,70.0,0.0,4952.0,27.0,15.0,26.0,48.0,62.0,4.0,1.154700538,2.0
118.0,60.0,504.0,5000.0,1.0,0.2,90.0,3.0,100.0,70.0,80.0,4846.0,33.0,24.0,107.0,154.0,213.0,6.0,1.4142135619999998,2.12
119.0,60.0,504.0,5000.0,1.0,0.2,90.0,3.0,100.0,70.0,90.0,4905.0,50.0,22.0,61.0,95.0,127.0,7.0,1.4142135619999998,2.5
120.0,60.0,504.0,5000.0,1.0,0.2,90.0,3.0,100.0,70.0,100.0,4905.0,37.0,27.0,71.0,95.0,136.0,7.0,1.111167799,2.076923077
121.0,60.0,504.0,5000.0,1.0,0.2,90.0,3.0,100.0,80.0,0.0,4979.0,15.0,12.0,9.0,21.0,27.0,4.0,2.121320344,2.5
122.0,60.0,504.0,5000.0,1.0,0.2,90.0,3.0,100.0,80.0,80.0,4999.0,3.0,3.0,0.0,1.0,2.0,1.0,0.0,1.0
123.0,60.0,504.0,5000.0,1.0,0.2,90.0,3.0,100.0,80.0,90.0,4957.0,20.0,18.0,27.0,43.0,56.0,4.0,1.032558217,1.764705882
124.0,60.0,504.0,5000.0,1.0,0.2,90.0,3.0,100.0,80.0,100.0,4951.0,38.0,11.0,33.0,49.0,72.0,5.0,2.309401077,4.0
125.0,60.0,504.0,5000.0,1.0,0.2,90.0,3.0,100.0,90.0,0.0,5000.0,0.0,0.0,0.0,0.0,1.0,0.0,0.0,0.0
126.0,60.0,504.0,5000.0,1.0,0.2,90.0,3.0,100.0,90.0,80.0,5000.0,0.0,0.0,0.0,0.0,1.0,0.0,0.0,0.0
127.0,60.0,504.0,5000.0,1.0,0.2,90.0,3.0,100.0,90.0,90.0,4998.0,4.0,4.0,1.0,2.0,4.0,2.0,0.7071067809999999,2.0
128.0,60.0,504.0,5000.0,1.0,0.2,90.0,3.0,100.0,90.0,100.0,4999.0,2.0,2.0,0.0,1.0,2.0,1.0,0.0,1.0
129.0,60.0,504.0,5000.0,1.0,0.2,90.0,7.0,0.0,0.0,0.0,1997.0,32.0,22.0,1996.0,3003.0,0.0,9.0,1.471918488,2.152542373
130.0,60.0,504.0,5000.0,1.0,0.2,90.0,7.0,0.0,0.0,80.0,2312.0,65.0,45.0,1509.0,2688.0,0.0,11.0,1.499361755,2.07
131.0,60.0,504.0,5000.0,1.0,0.2,90.0,7.0,0.0,0.0,90.0,4479.0,63.0,27.0,298.0,521.0,0.0,9.0,1.673731892,2.25
132.0,60.0,504.0,5000.0,1.0,0.2,90.0,7.0,0.0,0.0,100.0,4808.0,9.0,7.0,129.0,192.0,0.0,8.0,2.314316445,2.416666667
133.0,60.0,504.0,5000.0,1.0,0.2,90.0,7.0,0.0,70.0,0.0,4088.0,65.0,54.0,400.0,912.0,0.0,12.0,1.428391496,2.091286307
134.0,60.0,504.0,5000.0,1.0,0.2,90.0,7.0,0.0,70.0,80.0,4783.0,48.0,17.0,120.0,217.0,0.0,7.0,1.362620525,2.0810810809999998
135.0,60.0,504.0,5000.0,1.0,0.2,90.0,7.0,0.0,70.0,90.0,4835.0,53.0,21.0,114.0,165.0,0.0,9.0,1.632747802,2.5
136.0,60.0,504.0,5000.0,1.0,0.2,90.0,7.0,0.0,70.0,100.0,4805.0,47.0,33.0,111.0,195.0,0.0,7.0,1.172481404,3.0
137.0,60.0,504.0,5000.0,1.0,0.2,90.0,7.0,0.0,80.0,0.0,4734.0,65.0,62.0,123.0,266.0,0.0,6.0,1.328422328,2.014285714
138.0,60.0,504.0,5000.0,1.0,0.2,90.0,7.0,0.0,80.0,80.0,4839.0,62.0,32.0,85.0,161.0,0.0,7.0,1.527525232,2.444444444
139.0,60.0,504.0,5000.0,1.0,0.2,90.0,7.0,0.0,80.0,90.0,4860.0,65.0,30.0,68.0,140.0,0.0,6.0,1.548365557,2.5714285709999998
140.0,60.0,504.0,5000.0,1.0,0.2,90.0,7.0,0.0,80.0,100.0,4833.0,65.0,33.0,107.0,167.0,0.0,8.0,1.4142135619999998,2.0
141.0,60.0,504.0,5000.0,1.0,0.2,90.0,7.0,0.0,90.0,0.0,5000.0,14.0,14.0,1.0,0.0,0.0,1.0,0.0,1.0
142.0,60.0,504.0,5000.0,1.0,0.2,90.0,7.0,0.0,90.0,80.0,5000.0,0.0,0.0,0.0,0.0,0.0,0.0,0.0,0.0
143.0,60.0,504.0,5000.0,1.0,0.2,90.0,7.0,0.0,90.0,90.0,4960.0,65.0,65.0,18.0,40.0,0.0,6.0,1.58113883,2.176470588
144.0,60.0,504.0,5000.0,1.0,0.2,90.0,7.0,0.0,90.0,100.0,4982.0,53.0,36.0,7.0,18.0,0.0,6.0,2.160246899,3.0
145.0,60.0,504.0,5000.0,1.0,0.2,90.0,7.0,20.0,0.0,0.0,1931.0,43.0,32.0,1897.0,3069.0,929.0,13.0,1.4793842730000002,2.115789474
146.0,60.0,504.0,5000.0,1.0,0.2,90.0,7.0,20.0,0.0,80.0,4774.0,32.0,6.0,129.0,226.0,64.0,12.0,1.82654315,2.376811594
147.0,60.0,504.0,5000.0,1.0,0.2,90.0,7.0,20.0,0.0,90.0,2999.0,62.0,23.0,1202.0,2001.0,602.0,12.0,1.4646200130000002,2.060077519
148.0,60.0,504.0,5000.0,1.0,0.2,90.0,7.0,20.0,0.0,100.0,4811.0,13.0,10.0,115.0,189.0,51.0,9.0,1.9570211990000002,2.4680851059999998
149.0,60.0,504.0,5000.0,1.0,0.2,90.0,7.0,20.0,70.0,0.0,4268.0,65.0,64.0,324.0,732.0,207.0,9.0,1.536590743,2.04
150.0,60.0,504.0,5000.0,1.0,0.2,90.0,7.0,20.0,70.0,80.0,4731.0,65.0,65.0,135.0,269.0,67.0,9.0,1.540927926,2.227272727
151.0,60.0,504.0,5000.0,1.0,0.2,90.0,7.0,20.0,70.0,90.0,4815.0,51.0,37.0,122.0,185.0,52.0,7.0,1.752919642,2.666666667
152.0,60.0,504.0,5000.0,1.0,0.2,90.0,7.0,20.0,70.0,100.0,4808.0,57.0,24.0,124.0,192.0,60.0,8.0,1.5258300530000002,2.285714286
153.0,60.0,504.0,5000.0,1.0,0.2,90.0,7.0,20.0,80.0,0.0,4723.0,65.0,61.0,129.0,277.0,83.0,7.0,1.527525232,2.666666667
154.0,60.0,504.0,5000.0,1.0,0.2,90.0,7.0,20.0,80.0,80.0,4857.0,65.0,27.0,83.0,143.0,48.0,7.0,1.711004451,2.481481481
155.0,60.0,504.0,5000.0,1.0,0.2,90.0,7.0,20.0,80.0,90.0,4852.0,65.0,32.0,91.0,148.0,53.0,7.0,1.328057327,2.142857143
156.0,60.0,504.0,5000.0,1.0,0.2,90.0,7.0,20.0,80.0,100.0,4847.0,60.0,44.0,96.0,153.0,42.0,10.0,2.249579085,2.833333333
157.0,60.0,504.0,5000.0,1.0,0.2,90.0,7.0,20.0,90.0,0.0,4982.0,60.0,37.0,11.0,18.0,7.0,4.0,1.169045194,2.333333333
158.0,60.0,504.0,5000.0,1.0,0.2,90.0,7.0,20.0,90.0,80.0,4996.0,26.0,20.0,4.0,4.0,1.0,3.0,1.4142135619999998,3.0
159.0,60.0,504.0,5000.0,1.0,0.2,90.0,7.0,20.0,90.0,90.0,4978.0,65.0,28.0,17.0,22.0,5.0,5.0,2.828427125,4.0
160.0,60.0,504.0,5000.0,1.0,0.2,90.0,7.0,20.0,90.0,100.0,4994.0,41.0,10.0,5.0,6.0,2.0,2.0,0.7071067809999999,2.0
161.0,60.0,504.0,5000.0,1.0,0.2,90.0,7.0,60.0,0.0,0.0,1953.0,47.0,30.0,1905.0,3047.0,2088.0,11.0,1.7677669530000002,2.375
162.0,60.0,504.0,5000.0,1.0,0.2,90.0,7.0,60.0,0.0,80.0,2535.0,65.0,47.0,1260.0,2465.0,1735.0,10.0,1.49882852,2.180428135
163.0,60.0,504.0,5000.0,1.0,0.2,90.0,7.0,60.0,0.0,90.0,4435.0,56.0,17.0,381.0,565.0,389.0,9.0,1.57666387,2.088050314
164.0,60.0,504.0,5000.0,1.0,0.2,90.0,7.0,60.0,0.0,100.0,4784.0,9.0,8.0,113.0,216.0,146.0,8.0,2.100170061,2.125
165.0,60.0,504.0,5000.0,1.0,0.2,90.0,7.0,60.0,70.0,0.0,4329.0,65.0,59.0,314.0,671.0,436.0,7.0,1.246995331,2.013513514
166.0,60.0,504.0,5000.0,1.0,0.2,90.0,7.0,60.0,70.0,80.0,4801.0,41.0,29.0,122.0,199.0,131.0,8.0,2.309401077,2.857142857
167.0,60.0,504.0,5000.0,1.0,0.2,90.0,7.0,60.0,70.0,90.0,4806.0,44.0,21.0,123.0,194.0,134.0,8.0,1.650307041,2.333333333
168.0,60.0,504.0,5000.0,1.0,0.2,90.0,7.0,60.0,70.0,100.0,4789.0,32.0,27.0,121.0,211.0,150.0,7.0,1.329160136,1.975
169.0,60.0,504.0,5000.0,1.0,0.2,90.0,7.0,60.0,80.0,0.0,5000.0,0.0,0.0,0.0,0.0,0.0,0.0,0.0,0.0
170.0,60.0,504.0,5000.0,1.0,0.2,90.0,7.0,60.0,80.0,80.0,4852.0,64.0,34.0,70.0,148.0,88.0,6.0,1.1085854720000001,1.983050847
171.0,60.0,504.0,5000.0,1.0,0.2,90.0,7.0,60.0,80.0,90.0,4864.0,65.0,36.0,62.0,136.0,88.0,12.0,2.017914933,2.289473684
172.0,60.0,504.0,5000.0,1.0,0.2,90.0,7.0,60.0,80.0,100.0,4913.0,65.0,57.0,40.0,87.0,57.0,7.0,1.980829172,2.4285714290000002
173.0,60.0,504.0,5000.0,1.0,0.2,90.0,7.0,60.0,90.0,0.0,5000.0,0.0,0.0,0.0,0.0,1.0,0.0,0.0,0.0
174.0,60.0,504.0,5000.0,1.0,0.2,90.0,7.0,60.0,90.0,80.0,4996.0,7.0,6.0,1.0,4.0,1.0,2.0,0.7071067809999999,2.0
175.0,60.0,504.0,5000.0,1.0,0.2,90.0,7.0,60.0,90.0,90.0,4998.0,2.0,2.0,0.0,2.0,1.0,2.0,0.0,2.0
176.0,60.0,504.0,5000.0,1.0,0.2,90.0,7.0,60.0,90.0,100.0,4992.0,65.0,28.0,5.0,8.0,5.0,3.0,1.0,2.5
177.0,60.0,504.0,5000.0,1.0,0.2,90.0,7.0,100.0,0.0,0.0,2083.0,46.0,35.0,2027.0,2917.0,2915.0,13.0,1.500922281,2.4
178.0,60.0,504.0,5000.0,1.0,0.2,90.0,7.0,100.0,0.0,80.0,3290.0,54.0,40.0,976.0,1710.0,1630.0,13.0,1.656319115,2.144927536
179.0,60.0,504.0,5000.0,1.0,0.2,90.0,7.0,100.0,0.0,90.0,4142.0,62.0,19.0,448.0,858.0,809.0,8.0,1.85933936,2.45
180.0,60.0,504.0,5000.0,1.0,0.2,90.0,7.0,100.0,0.0,100.0,4804.0,11.0,9.0,122.0,196.0,192.0,8.0,1.5600716419999998,2.0625
181.0,60.0,504.0,5000.0,1.0,0.2,90.0,7.0,100.0,70.0,0.0,4294.0,65.0,65.0,314.0,706.0,617.0,7.0,1.732050808,4.0
182.0,60.0,504.0,5000.0,1.0,0.2,90.0,7.0,100.0,70.0,80.0,4683.0,65.0,57.0,146.0,317.0,288.0,7.0,1.4142135619999998,2.176470588
183.0,60.0,504.0,5000.0,1.0,0.2,90.0,7.0,100.0,70.0,90.0,4666.0,65.0,62.0,156.0,334.0,299.0,7.0,1.471960144,2.5714285709999998
184.0,60.0,504.0,5000.0,1.0,0.2,90.0,7.0,100.0,70.0,100.0,4802.0,34.0,20.0,136.0,198.0,204.0,9.0,1.547147426,2.192307692
185.0,60.0,504.0,5000.0,1.0,0.2,90.0,7.0,100.0,80.0,0.0,4898.0,56.0,27.0,64.0,102.0,105.0,5.0,1.7888543819999998,2.2
186.0,60.0,504.0,5000.0,1.0,0.2,90.0,7.0,100.0,80.0,80.0,4845.0,42.0,22.0,104.0,155.0,153.0,7.0,1.341372163,2.153846154
187.0,60.0,504.0,5000.0,1.0,0.2,90.0,7.0,100.0,80.0,90.0,4874.0,63.0,37.0,90.0,126.0,130.0,5.0,1.055688455,2.0
188.0,60.0,504.0,5000.0,1.0,0.2,90.0,7.0,100.0,80.0,100.0,5000.0,0.0,0.0,0.0,0.0,0.0,0.0,0.0,0.0
189.0,60.0,504.0,5000.0,1.0,0.2,90.0,7.0,100.0,90.0,0.0,4994.0,26.0,19.0,3.0,6.0,5.0,3.0,1.0,2.0
190.0,60.0,504.0,5000.0,1.0,0.2,90.0,7.0,100.0,90.0,80.0,5000.0,5.0,5.0,1.0,0.0,2.0,1.0,0.0,1.0
191.0,60.0,504.0,5000.0,1.0,0.2,90.0,7.0,100.0,90.0,90.0,4999.0,0.0,0.0,0.0,1.0,0.0,0.0,0.0,0.0
192.0,60.0,504.0,5000.0,1.0,0.2,90.0,7.0,100.0,90.0,100.0,5000.0,0.0,0.0,0.0,0.0,1.0,0.0,0.0,0.0
193.0,100.0,504.0,5000.0,1.0,0.2,90.0,1.0,0.0,0.0,0.0,1976.0,28.0,22.0,1975.0,3024.0,0.0,11.0,1.6431676730000002,2.2
194.0,100.0,504.0,5000.0,1.0,0.2,90.0,1.0,0.0,0.0,80.0,2377.0,65.0,45.0,1348.0,2623.0,0.0,12.0,1.638136115,2.190045249
195.0,100.0,504.0,5000.0,1.0,0.2,90.0,1.0,0.0,0.0,90.0,3738.0,65.0,42.0,701.0,1262.0,0.0,14.0,2.001663415,2.21875
196.0,100.0,504.0,5000.0,1.0,0.2,90.0,1.0,0.0,0.0,100.0,4797.0,9.0,9.0,107.0,203.0,0.0,7.0,1.496921624,2.087378641
197.0,100.0,504.0,5000.0,1.0,0.2,90.0,1.0,0.0,70.0,0.0,3870.0,65.0,63.0,540.0,1130.0,0.0,8.0,1.268854856,2.111111111
198.0,100.0,504.0,5000.0,1.0,0.2,90.0,1.0,0.0,70.0,80.0,4500.0,65.0,43.0,255.0,500.0,0.0,12.0,1.468495979,3.0
199.0,100.0,504.0,5000.0,1.0,0.2,90.0,1.0,0.0,70.0,90.0,4804.0,34.0,20.0,124.0,196.0,0.0,6.0,1.4142135619999998,2.0
200.0,100.0,504.0,5000.0,1.0,0.2,90.0,1.0,0.0,70.0,100.0,4834.0,32.0,19.0,109.0,166.0,0.0,7.0,1.3882803769999998,2.25
201.0,100.0,504.0,5000.0,1.0,0.2,90.0,1.0,0.0,80.0,0.0,4560.0,65.0,65.0,190.0,440.0,0.0,8.0,2.708012802,3.0
202.0,100.0,504.0,5000.0,1.0,0.2,90.0,1.0,0.0,80.0,80.0,4785.0,65.0,36.0,115.0,215.0,0.0,7.0,1.2612339890000002,2.666666667
203.0,100.0,504.0,5000.0,1.0,0.2,90.0,1.0,0.0,80.0,90.0,4605.0,65.0,40.0,197.0,395.0,0.0,7.0,1.350620533,2.142857143
204.0,100.0,504.0,5000.0,1.0,0.2,90.0,1.0,0.0,80.0,100.0,4829.0,64.0,45.0,88.0,171.0,0.0,6.0,1.470930441,3.0
205.0,100.0,504.0,5000.0,1.0,0.2,90.0,1.0,0.0,90.0,0.0,4932.0,65.0,64.0,26.0,68.0,0.0,6.0,2.309401077,3.0
206.0,100.0,504.0,5000.0,1.0,0.2,90.0,1.0,0.0,90.0,80.0,5000.0,0.0,0.0,0.0,0.0,0.0,0.0,0.0,0.0
207.0,100.0,504.0,5000.0,1.0,0.2,90.0,1.0,0.0,90.0,90.0,5000.0,0.0,0.0,0.0,0.0,0.0,0.0,0.0,0.0
208.0,100.0,504.0,5000.0,1.0,0.2,90.0,1.0,0.0,90.0,100.0,4940.0,65.0,63.0,19.0,60.0,0.0,6.0,1.527525232,2.666666667
209.0,100.0,504.0,5000.0,1.0,0.2,90.0,1.0,20.0,0.0,0.0,1951.0,48.0,34.0,1853.0,3049.0,3856.0,12.0,1.7605156080000002,2.126213592
210.0,100.0,504.0,5000.0,1.0,0.2,90.0,1.0,20.0,0.0,80.0,3664.0,50.0,20.0,798.0,1336.0,1754.0,9.0,1.594853338,2.045454545
211.0,100.0,504.0,5000.0,1.0,0.2,90.0,1.0,20.0,0.0,90.0,4235.0,29.0,12.0,516.0,765.0,972.0,12.0,1.7795130419999998,2.1331058019999998
212.0,100.0,504.0,5000.0,1.0,0.2,90.0,1.0,20.0,0.0,100.0,4807.0,10.0,9.0,122.0,193.0,247.0,9.0,1.5081233669999998,2.139534884
213.0,100.0,504.0,5000.0,1.0,0.2,90.0,1.0,20.0,70.0,0.0,4670.0,65.0,26.0,166.0,330.0,429.0,9.0,1.4797828130000001,2.08125
214.0,100.0,504.0,5000.0,1.0,0.2,90.0,1.0,20.0,70.0,80.0,4690.0,50.0,33.0,174.0,310.0,382.0,5.0,1.129319405,2.0
215.0,100.0,504.0,5000.0,1.0,0.2,90.0,1.0,20.0,70.0,90.0,4804.0,49.0,18.0,103.0,196.0,227.0,6.0,1.636391694,2.75
216.0,100.0,504.0,5000.0,1.0,0.2,90.0,1.0,20.0,70.0,100.0,4820.0,44.0,21.0,101.0,180.0,216.0,7.0,1.589549202,2.2
217.0,100.0,504.0,5000.0,1.0,0.2,90.0,1.0,20.0,80.0,0.0,4896.0,65.0,32.0,65.0,104.0,144.0,5.0,1.268027893,2.5
218.0,100.0,504.0,5000.0,1.0,0.2,90.0,1.0,20.0,80.0,80.0,5000.0,0.0,0.0,0.0,0.0,1.0,0.0,0.0,0.0
219.0,100.0,504.0,5000.0,1.0,0.2,90.0,1.0,20.0,80.0,90.0,4868.0,56.0,23.0,70.0,132.0,169.0,9.0,1.892969449,3.0
220.0,100.0,504.0,5000.0,1.0,0.2,90.0,1.0,20.0,80.0,100.0,4888.0,65.0,22.0,69.0,112.0,138.0,7.0,1.447332457,1.8936170209999998
221.0,100.0,504.0,5000.0,1.0,0.2,90.0,1.0,20.0,90.0,0.0,5000.0,0.0,0.0,0.0,0.0,0.0,0.0,0.0,0.0
222.0,100.0,504.0,5000.0,1.0,0.2,90.0,1.0,20.0,90.0,80.0,4991.0,8.0,7.0,3.0,9.0,9.0,3.0,0.957427108,2.0
223.0,100.0,504.0,5000.0,1.0,0.2,90.0,1.0,20.0,90.0,90.0,4999.0,4.0,4.0,0.0,1.0,2.0,1.0,0.0,1.0
224.0,100.0,504.0,5000.0,1.0,0.2,90.0,1.0,20.0,90.0,100.0,5000.0,1.0,1.0,1.0,0.0,2.0,1.0,0.0,1.0
225.0,100.0,504.0,5000.0,1.0,0.2,90.0,1.0,60.0,0.0,0.0,2059.0,46.0,28.0,1917.0,2941.0,4453.0,12.0,1.70459977,2.4285714290000002
226.0,100.0,504.0,5000.0,1.0,0.2,90.0,1.0,60.0,0.0,80.0,4629.0,24.0,21.0,224.0,371.0,531.0,9.0,1.552124644,2.210526316
227.0,100.0,504.0,5000.0,1.0,0.2,90.0,1.0,60.0,0.0,90.0,4593.0,20.0,16.0,268.0,407.0,607.0,8.0,1.280607952,1.967346939
228.0,100.0,504.0,5000.0,1.0,0.2,90.0,1.0,60.0,0.0,100.0,4827.0,11.0,10.0,118.0,173.0,266.0,5.0,1.3642254619999998,2.111111111
229.0,100.0,504.0,5000.0,1.0,0.2,90.0,1.0,60.0,70.0,0.0,4955.0,14.0,13.0,16.0,45.0,53.0,6.0,1.658312395,2.3
230.0,100.0,504.0,5000.0,1.0,0.2,90.0,1.0,60.0,70.0,80.0,4944.0,14.0,11.0,30.0,56.0,83.0,4.0,2.121320344,2.5
231.0,100.0,504.0,5000.0,1.0,0.2,90.0,1.0,60.0,70.0,90.0,4968.0,12.0,9.0,22.0,32.0,46.0,3.0,0.866025404,1.761904762
232.0,100.0,504.0,5000.0,1.0,0.2,90.0,1.0,60.0,70.0,100.0,5000.0,0.0,0.0,0.0,0.0,1.0,0.0,0.0,0.0
233.0,100.0,504.0,5000.0,1.0,0.2,90.0,1.0,60.0,80.0,0.0,4996.0,10.0,9.0,5.0,4.0,9.0,3.0,1.4142135619999998,2.0
234.0,100.0,504.0,5000.0,1.0,0.2,90.0,1.0,60.0,80.0,80.0,4995.0,5.0,5.0,8.0,5.0,14.0,3.0,0.957427108,1.75
235.0,100.0,504.0,5000.0,1.0,0.2,90.0,1.0,60.0,80.0,90.0,4994.0,8.0,8.0,3.0,6.0,10.0,3.0,1.4142135619999998,3.0
236.0,100.0,504.0,5000.0,1.0,0.2,90.0,1.0,60.0,80.0,100.0,4982.0,10.0,7.0,10.0,18.0,25.0,4.0,1.253566341,2.285714286
237.0,100.0,504.0,5000.0,1.0,0.2,90.0,1.0,60.0,90.0,0.0,5000.0,0.0,0.0,0.0,0.0,1.0,0.0,0.0,0.0
238.0,100.0,504.0,5000.0,1.0,0.2,90.0,1.0,60.0,90.0,80.0,4998.0,4.0,4.0,2.0,2.0,4.0,2.0,0.0,2.0
239.0,100.0,504.0,5000.0,1.0,0.2,90.0,1.0,60.0,90.0,90.0,4998.0,1.0,1.0,0.0,2.0,2.0,2.0,0.0,2.0
240.0,100.0,504.0,5000.0,1.0,0.2,90.0,1.0,60.0,90.0,100.0,5000.0,3.0,3.0,1.0,0.0,2.0,1.0,0.0,1.0
241.0,100.0,504.0,5000.0,1.0,0.2,90.0,1.0,100.0,0.0,0.0,2229.0,41.0,31.0,1824.0,2771.0,4286.0,9.0,1.424198048,1.846153846
242.0,100.0,504.0,5000.0,1.0,0.2,90.0,1.0,100.0,0.0,80.0,4796.0,9.0,6.0,136.0,204.0,325.0,6.0,1.4813657359999999,2.222222222
243.0,100.0,504.0,5000.0,1.0,0.2,90.0,1.0,100.0,0.0,90.0,4827.0,6.0,5.0,117.0,173.0,271.0,6.0,1.350699909,2.024390244
244.0,100.0,504.0,5000.0,1.0,0.2,90.0,1.0,100.0,0.0,100.0,4823.0,16.0,13.0,96.0,177.0,250.0,6.0,1.6391501419999999,2.073170732
245.0,100.0,504.0,5000.0,1.0,0.2,90.0,1.0,100.0,70.0,0.0,4997.0,3.0,3.0,1.0,3.0,5.0,2.0,0.577350269,1.333333333
246.0,100.0,504.0,5000.0,1.0,0.2,90.0,1.0,100.0,70.0,80.0,4997.0,2.0,1.0,2.0,3.0,4.0,2.0,0.7071067809999999,1.6666666669999999
247.0,100.0,504.0,5000.0,1.0,0.2,90.0,1.0,100.0,70.0,90.0,4989.0,4.0,4.0,2.0,11.0,12.0,3.0,1.0,1.6666666669999999
248.0,100.0,504.0,5000.0,1.0,0.2,90.0,1.0,100.0,70.0,100.0,4998.0,2.0,2.0,2.0,2.0,5.0,2.0,0.7071067809999999,2.0
249.0,100.0,504.0,5000.0,1.0,0.2,90.0,1.0,100.0,80.0,0.0,4998.0,3.0,2.0,3.0,2.0,5.0,3.0,1.4142135619999998,2.0
250.0,100.0,504.0,5000.0,1.0,0.2,90.0,1.0,100.0,80.0,80.0,5000.0,0.0,0.0,0.0,0.0,1.0,0.0,0.0,0.0
251.0,100.0,504.0,5000.0,1.0,0.2,90.0,1.0,100.0,80.0,90.0,5000.0,0.0,0.0,0.0,0.0,1.0,0.0,0.0,0.0
252.0,100.0,504.0,5000.0,1.0,0.2,90.0,1.0,100.0,80.0,100.0,4999.0,1.0,1.0,0.0,1.0,2.0,1.0,0.0,1.0
253.0,100.0,504.0,5000.0,1.0,0.2,90.0,1.0,100.0,90.0,0.0,5000.0,0.0,0.0,0.0,0.0,1.0,0.0,0.0,0.0
254.0,100.0,504.0,5000.0,1.0,0.2,90.0,1.0,100.0,90.0,80.0,5000.0,0.0,0.0,0.0,0.0,1.0,0.0,0.0,0.0
255.0,100.0,504.0,5000.0,1.0,0.2,90.0,1.0,100.0,90.0,90.0,5000.0,0.0,0.0,0.0,0.0,1.0,0.0,0.0,0.0
256.0,100.0,504.0,5000.0,1.0,0.2,90.0,1.0,100.0,90.0,100.0,5000.0,0.0,0.0,0.0,0.0,1.0,0.0,0.0,0.0
257.0,100.0,504.0,5000.0,1.0,0.2,90.0,3.0,0.0,0.0,0.0,1982.0,47.0,33.0,1921.0,3018.0,0.0,13.0,1.502747471,2.04985889
258.0,100.0,504.0,5000.0,1.0,0.2,90.0,3.0,0.0,0.0,80.0,2049.0,54.0,40.0,1804.0,2951.0,0.0,10.0,1.488195135,2.071186441
259.0,100.0,504.0,5000.0,1.0,0.2,90.0,3.0,0.0,0.0,90.0,3534.0,61.0,29.0,839.0,1466.0,0.0,8.0,1.443375673,2.070588235
260.0,100.0,504.0,5000.0,1.0,0.2,90.0,3.0,0.0,0.0,100.0,4819.0,7.0,6.0,122.0,181.0,0.0,7.0,1.505545305,2.35
261.0,100.0,504.0,5000.0,1.0,0.2,90.0,3.0,0.0,70.0,0.0,3722.0,65.0,46.0,728.0,1278.0,0.0,11.0,1.4142135619999998,2.0041436459999997
262.0,100.0,504.0,5000.0,1.0,0.2,90.0,3.0,0.0,70.0,80.0,4493.0,65.0,45.0,308.0,507.0,0.0,10.0,1.3984117980000002,2.333333333
263.0,100.0,504.0,5000.0,1.0,0.2,90.0,3.0,0.0,70.0,90.0,4797.0,33.0,18.0,122.0,203.0,0.0,7.0,1.505042031,2.375
264.0,100.0,504.0,5000.0,1.0,0.2,90.0,3.0,0.0,70.0,100.0,4826.0,36.0,23.0,124.0,174.0,0.0,7.0,1.4142135619999998,3.0
265.0,100.0,504.0,5000.0,1.0,0.2,90.0,3.0,0.0,80.0,0.0,4746.0,65.0,63.0,100.0,254.0,0.0,8.0,1.7888543819999998,2.8
266.0,100.0,504.0,5000.0,1.0,0.2,90.0,3.0,0.0,80.0,80.0,4824.0,60.0,44.0,98.0,176.0,0.0,10.0,4.5,7.0
267.0,100.0,504.0,5000.0,1.0,0.2,90.0,3.0,0.0,80.0,90.0,4814.0,50.0,29.0,114.0,186.0,0.0,9.0,2.1514618,2.416666667
268.0,100.0,504.0,5000.0,1.0,0.2,90.0,3.0,0.0,80.0,100.0,4811.0,44.0,26.0,127.0,189.0,0.0,9.0,1.864454471,2.857142857
269.0,100.0,504.0,5000.0,1.0,0.2,90.0,3.0,0.0,90.0,0.0,5000.0,0.0,0.0,0.0,0.0,0.0,0.0,0.0,0.0
270.0,100.0,504.0,5000.0,1.0,0.2,90.0,3.0,0.0,90.0,80.0,4929.0,65.0,58.0,33.0,71.0,0.0,6.0,2.121320344,2.5
271.0,100.0,504.0,5000.0,1.0,0.2,90.0,3.0,0.0,90.0,90.0,4958.0,65.0,30.0,21.0,42.0,0.0,6.0,2.828427125,3.0
272.0,100.0,504.0,5000.0,1.0,0.2,90.0,3.0,0.0,90.0,100.0,5000.0,0.0,0.0,0.0,0.0,0.0,0.0,0.0,0.0
273.0,100.0,504.0,5000.0,1.0,0.2,90.0,3.0,20.0,0.0,0.0,1964.0,34.0,26.0,1960.0,3036.0,2220.0,11.0,1.442698983,2.103448276
274.0,100.0,504.0,5000.0,1.0,0.2,90.0,3.0,20.0,0.0,80.0,2628.0,65.0,60.0,1061.0,2372.0,1760.0,16.0,1.485017026,2.155555556
275.0,100.0,504.0,5000.0,1.0,0.2,90.0,3.0,20.0,0.0,90.0,4621.0,41.0,25.0,224.0,379.0,272.0,11.0,3.0237157839999997,4.0
276.0,100.0,504.0,5000.0,1.0,0.2,90.0,3.0,20.0,0.0,100.0,4826.0,10.0,7.0,122.0,174.0,145.0,6.0,1.440930967,2.04
277.0,100.0,504.0,5000.0,1.0,0.2,90.0,3.0,20.0,70.0,0.0,4016.0,65.0,63.0,482.0,984.0,715.0,8.0,1.329160136,2.375
278.0,100.0,504.0,5000.0,1.0,0.2,90.0,3.0,20.0,70.0,80.0,4620.0,63.0,18.0,216.0,380.0,325.0,8.0,1.6624188290000002,2.1818181819999998
279.0,100.0,504.0,5000.0,1.0,0.2,90.0,3.0,20.0,70.0,90.0,4817.0,20.0,15.0,108.0,183.0,121.0,8.0,1.5518197669999998,2.021276596
280.0,100.0,504.0,5000.0,1.0,0.2,90.0,3.0,20.0,70.0,100.0,4806.0,57.0,18.0,132.0,194.0,140.0,9.0,1.427907181,2.111111111
281.0,100.0,504.0,5000.0,1.0,0.2,90.0,3.0,20.0,80.0,0.0,4619.0,65.0,59.0,186.0,381.0,252.0,8.0,1.466624687,2.142857143
282.0,100.0,504.0,5000.0,1.0,0.2,90.0,3.0,20.0,80.0,80.0,4839.0,63.0,43.0,76.0,161.0,102.0,6.0,1.685018016,2.375
283.0,100.0,504.0,5000.0,1.0,0.2,90.0,3.0,20.0,80.0,90.0,4838.0,63.0,37.0,95.0,162.0,119.0,7.0,1.417265669,2.333333333
284.0,100.0,504.0,5000.0,1.0,0.2,90.0,3.0,20.0,80.0,100.0,4801.0,65.0,33.0,107.0,199.0,131.0,7.0,1.732050808,2.555555556
285.0,100.0,504.0,5000.0,1.0,0.2,90.0,3.0,20.0,90.0,0.0,4950.0,65.0,29.0,33.0,50.0,36.0,5.0,1.484771179,2.5714285709999998
286.0,100.0,504.0,5000.0,1.0,0.2,90.0,3.0,20.0,90.0,80.0,4958.0,62.0,39.0,19.0,42.0,26.0,4.0,1.4142135619999998,2.0
287.0,100.0,504.0,5000.0,1.0,0.2,90.0,3.0,20.0,90.0,90.0,4977.0,65.0,56.0,15.0,23.0,19.0,4.0,1.5,2.0
288.0,100.0,504.0,5000.0,1.0,0.2,90.0,3.0,20.0,90.0,100.0,4999.0,4.0,4.0,0.0,1.0,1.0,1.0,0.0,1.0
289.0,100.0,504.0,5000.0,1.0,0.2,90.0,3.0,60.0,0.0,0.0,1983.0,40.0,29.0,1973.0,3017.0,3597.0,11.0,1.577369721,2.5
290.0,100.0,504.0,5000.0,1.0,0.2,90.0,3.0,60.0,0.0,80.0,4386.0,25.0,20.0,437.0,614.0,755.0,10.0,1.4623849230000001,2.056478405
291.0,100.0,504.0,5000.0,1.0,0.2,90.0,3.0,60.0,0.0,90.0,4813.0,9.0,8.0,127.0,187.0,235.0,9.0,1.646355105,2.222222222
292.0,100.0,504.0,5000.0,1.0,0.2,90.0,3.0,60.0,0.0,100.0,4811.0,9.0,8.0,111.0,189.0,217.0,9.0,1.516657406,2.055555556
293.0,100.0,504.0,5000.0,1.0,0.2,90.0,3.0,60.0,70.0,0.0,4076.0,65.0,48.0,460.0,924.0,1167.0,6.0,1.4142135619999998,3.0
294.0,100.0,504.0,5000.0,1.0,0.2,90.0,3.0,60.0,70.0,80.0,4445.0,46.0,28.0,344.0,555.0,648.0,7.0,1.373605639,2.066666667
295.0,100.0,504.0,5000.0,1.0,0.2,90.0,3.0,60.0,70.0,90.0,4825.0,28.0,19.0,117.0,175.0,217.0,8.0,1.321650657,2.0
296.0,100.0,504.0,5000.0,1.0,0.2,90.0,3.0,60.0,70.0,100.0,4811.0,36.0,21.0,126.0,189.0,241.0,6.0,1.181779758,1.9569892469999999
297.0,100.0,504.0,5000.0,1.0,0.2,90.0,3.0,60.0,80.0,0.0,4920.0,43.0,30.0,50.0,80.0,100.0,6.0,1.437590577,2.333333333
298.0,100.0,504.0,5000.0,1.0,0.2,90.0,3.0,60.0,80.0,80.0,5000.0,0.0,0.0,0.0,0.0,1.0,0.0,0.0,0.0
299.0,100.0,504.0,5000.0,1.0,0.2,90.0,3.0,60.0,80.0,90.0,4842.0,38.0,20.0,68.0,158.0,155.0,5.0,2.309401077,5.0
300.0,100.0,504.0,5000.0,1.0,0.2,90.0,3.0,60.0,80.0,100.0,4870.0,46.0,24.0,73.0,130.0,161.0,6.0,1.186218624,2.0526315790000003
301.0,100.0,504.0,5000.0,1.0,0.2,90.0,3.0,60.0,90.0,0.0,5000.0,0.0,0.0,0.0,0.0,1.0,0.0,0.0,0.0
302.0,100.0,504.0,5000.0,1.0,0.2,90.0,3.0,60.0,90.0,80.0,4992.0,23.0,18.0,7.0,8.0,13.0,3.0,0.8944271909999999,2.333333333
303.0,100.0,504.0,5000.0,1.0,0.2,90.0,3.0,60.0,90.0,90.0,4989.0,14.0,10.0,5.0,11.0,12.0,3.0,1.154700538,2.5
304.0,100.0,504.0,5000.0,1.0,0.2,90.0,3.0,60.0,90.0,100.0,5000.0,1.0,1.0,1.0,0.0,2.0,1.0,0.0,1.0
305.0,100.0,504.0,5000.0,1.0,0.2,90.0,3.0,100.0,0.0,0.0,1939.0,39.0,30.0,1919.0,3061.0,3989.0,10.0,1.3776436680000002,2.0
306.0,100.0,504.0,5000.0,1.0,0.2,90.0,3.0,100.0,0.0,80.0,4422.0,27.0,22.0,362.0,578.0,753.0,10.0,1.5901482409999999,2.0049261080000003
307.0,100.0,504.0,5000.0,1.0,0.2,90.0,3.0,100.0,0.0,90.0,4423.0,27.0,24.0,395.0,577.0,795.0,8.0,1.5099068759999998,2.160305344
308.0,100.0,504.0,5000.0,1.0,0.2,90.0,3.0,100.0,0.0,100.0,4824.0,12.0,8.0,121.0,176.0,232.0,6.0,1.278715676,1.904347826
309.0,100.0,504.0,5000.0,1.0,0.2,90.0,3.0,100.0,70.0,0.0,4746.0,65.0,54.0,95.0,254.0,341.0,5.0,1.223303146,1.959183673
310.0,100.0,504.0,5000.0,1.0,0.2,90.0,3.0,100.0,70.0,80.0,5000.0,0.0,0.0,0.0,0.0,1.0,0.0,0.0,0.0
311.0,100.0,504.0,5000.0,1.0,0.2,90.0,3.0,100.0,70.0,90.0,4816.0,29.0,18.0,107.0,184.0,246.0,6.0,1.7606816859999999,2.75
312.0,100.0,504.0,5000.0,1.0,0.2,90.0,3.0,100.0,70.0,100.0,4883.0,48.0,30.0,88.0,117.0,170.0,6.0,1.311372171,3.0
313.0,100.0,504.0,5000.0,1.0,0.2,90.0,3.0,100.0,80.0,0.0,4987.0,12.0,6.0,5.0,13.0,14.0,3.0,1.032795559,2.25
314.0,100.0,504.0,5000.0,1.0,0.2,90.0,3.0,100.0,80.0,80.0,4934.0,26.0,18.0,36.0,66.0,91.0,5.0,1.4142135619999998,3.0
315.0,100.0,504.0,5000.0,1.0,0.2,90.0,3.0,100.0,80.0,90.0,4919.0,42.0,33.0,50.0,81.0,108.0,5.0,1.154700538,2.2
316.0,100.0,504.0,5000.0,1.0,0.2,90.0,3.0,100.0,80.0,100.0,4925.0,54.0,48.0,41.0,75.0,103.0,5.0,1.732050808,2.166666667
317.0,100.0,504.0,5000.0,1.0,0.2,90.0,3.0,100.0,90.0,0.0,4999.0,3.0,3.0,0.0,1.0,1.0,1.0,0.0,1.0
318.0,100.0,504.0,5000.0,1.0,0.2,90.0,3.0,100.0,90.0,80.0,5000.0,0.0,0.0,0.0,0.0,1.0,0.0,0.0,0.0
319.0,100.0,504.0,5000.0,1.0,0.2,90.0,3.0,100.0,90.0,90.0,5000.0,0.0,0.0,1.0,0.0,1.0,0.0,0.0,0.0
320.0,100.0,504.0,5000.0,1.0,0.2,90.0,3.0,100.0,90.0,100.0,4988.0,21.0,9.0,9.0,12.0,18.0,4.0,2.121320344,2.5
321.0,100.0,504.0,5000.0,1.0,0.2,90.0,7.0,0.0,0.0,0.0,1940.0,29.0,23.0,1939.0,3060.0,0.0,12.0,1.47429946,2.0701754390000002
322.0,100.0,504.0,5000.0,1.0,0.2,90.0,7.0,0.0,0.0,80.0,2147.0,63.0,38.0,1726.0,2853.0,0.0,15.0,1.934164725,2.076923077
323.0,100.0,504.0,5000.0,1.0,0.2,90.0,7.0,0.0,0.0,90.0,4366.0,64.0,43.0,367.0,634.0,0.0,11.0,1.712697677,2.2025316459999997
324.0,100.0,504.0,5000.0,1.0,0.2,90.0,7.0,0.0,0.0,100.0,4794.0,9.0,6.0,126.0,206.0,0.0,9.0,1.675891536,2.204545455
325.0,100.0,504.0,5000.0,1.0,0.2,90.0,7.0,0.0,70.0,0.0,3641.0,65.0,65.0,674.0,1359.0,0.0,10.0,1.732050808,2.25
326.0,100.0,504.0,5000.0,1.0,0.2,90.0,7.0,0.0,70.0,80.0,4814.0,27.0,21.0,123.0,186.0,0.0,8.0,1.940790217,2.253968254
327.0,100.0,504.0,5000.0,1.0,0.2,90.0,7.0,0.0,70.0,90.0,4642.0,65.0,24.0,173.0,358.0,0.0,8.0,1.686887144,2.666666667
328.0,100.0,504.0,5000.0,1.0,0.2,90.0,7.0,0.0,70.0,100.0,4827.0,30.0,24.0,107.0,173.0,0.0,10.0,2.828427125,3.0
329.0,100.0,504.0,5000.0,1.0,0.2,90.0,7.0,0.0,80.0,0.0,4706.0,65.0,60.0,157.0,294.0,0.0,8.0,1.6308201830000002,2.285714286
330.0,100.0,504.0,5000.0,1.0,0.2,90.0,7.0,0.0,80.0,80.0,4807.0,64.0,38.0,113.0,193.0,0.0,11.0,1.657447041,2.333333333
331.0,100.0,504.0,5000.0,1.0,0.2,90.0,7.0,0.0,80.0,90.0,4815.0,56.0,38.0,118.0,185.0,0.0,7.0,1.4865597169999998,3.0
332.0,100.0,504.0,5000.0,1.0,0.2,90.0,7.0,0.0,80.0,100.0,4819.0,56.0,29.0,121.0,181.0,0.0,9.0,2.0,2.3125
333.0,100.0,504.0,5000.0,1.0,0.2,90.0,7.0,0.0,90.0,0.0,4944.0,65.0,62.0,23.0,56.0,0.0,4.0,1.100963765,2.2
334.0,100.0,504.0,5000.0,1.0,0.2,90.0,7.0,0.0,90.0,80.0,4905.0,65.0,58.0,39.0,95.0,0.0,7.0,2.100170061,2.125
335.0,100.0,504.0,5000.0,1.0,0.2,90.0,7.0,0.0,90.0,90.0,4914.0,65.0,21.0,28.0,86.0,0.0,5.0,1.114240987,2.1
336.0,100.0,504.0,5000.0,1.0,0.2,90.0,7.0,0.0,90.0,100.0,4891.0,64.0,36.0,50.0,109.0,0.0,5.0,1.4142135619999998,2.333333333
337.0,100.0,504.0,5000.0,1.0,0.2,90.0,7.0,20.0,0.0,0.0,1918.0,44.0,33.0,1877.0,3082.0,869.0,10.0,1.3693038119999998,2.067708333
338.0,100.0,504.0,5000.0,1.0,0.2,90.0,7.0,20.0,0.0,80.0,2217.0,60.0,41.0,1407.0,2783.0,779.0,14.0,1.4818202669999998,2.034782609
339.0,100.0,504.0,5000.0,1.0,0.2,90.0,7.0,20.0,0.0,90.0,4589.0,53.0,13.0,245.0,411.0,125.0,12.0,1.6431676730000002,2.5
340.0,100.0,504.0,5000.0,1.0,0.2,90.0,7.0,20.0,0.0,100.0,4803.0,7.0,6.0,101.0,197.0,50.0,7.0,1.489356176,2.272727273
341.0,100.0,504.0,5000.0,1.0,0.2,90.0,7.0,20.0,70.0,0.0,3852.0,65.0,65.0,563.0,1148.0,309.0,8.0,1.444067248,2.196078431
342.0,100.0,504.0,5000.0,1.0,0.2,90.0,7.0,20.0,70.0,80.0,4999.0,1.0,0.0,0.0,1.0,0.0,1.0,0.0,1.0
343.0,100.0,504.0,5000.0,1.0,0.2,90.0,7.0,20.0,70.0,90.0,4781.0,28.0,23.0,121.0,219.0,62.0,8.0,1.441676584,2.180327869
344.0,100.0,504.0,5000.0,1.0,0.2,90.0,7.0,20.0,70.0,100.0,4802.0,32.0,23.0,135.0,198.0,65.0,7.0,1.227121634,2.037974684
345.0,100.0,504.0,5000.0,1.0,0.2,90.0,7.0,20.0,80.0,0.0,4439.0,65.0,53.0,323.0,561.0,180.0,11.0,1.78583465,2.173913043
346.0,100.0,504.0,5000.0,1.0,0.2,90.0,7.0,20.0,80.0,80.0,4833.0,65.0,45.0,86.0,167.0,48.0,6.0,1.229703774,2.166666667
347.0,100.0,504.0,5000.0,1.0,0.2,90.0,7.0,20.0,80.0,90.0,5000.0,0.0,0.0,0.0,0.0,0.0,0.0,0.0,0.0
348.0,100.0,504.0,5000.0,1.0,0.2,90.0,7.0,20.0,80.0,100.0,4858.0,63.0,27.0,89.0,142.0,54.0,7.0,1.549193338,2.020833333
349.0,100.0,504.0,5000.0,1.0,0.2,90.0,7.0,20.0,90.0,0.0,4999.0,2.0,2.0,0.0,1.0,0.0,1.0,0.0,1.0
350.0,100.0,504.0,5000.0,1.0,0.2,90.0,7.0,20.0,90.0,80.0,4899.0,65.0,36.0,56.0,101.0,40.0,5.0,2.19089023,2.75
351.0,100.0,504.0,5000.0,1.0,0.2,90.0,7.0,20.0,90.0,90.0,4981.0,65.0,64.0,14.0,19.0,5.0,4.0,1.4142135619999998,3.0
352.0,100.0,504.0,5000.0,1.0,0.2,90.0,7.0,20.0,90.0,100.0,4957.0,65.0,65.0,11.0,43.0,5.0,4.0,1.4142135619999998,2.4
353.0,100.0,504.0,5000.0,1.0,0.2,90.0,7.0,60.0,0.0,0.0,1921.0,39.0,31.0,1908.0,3079.0,2087.0,12.0,1.5226319190000002,2.166666667
354.0,100.0,504.0,5000.0,1.0,0.2,90.0,7.0,60.0,0.0,80.0,3078.0,65.0,55.0,990.0,1922.0,1373.0,11.0,1.674618711,2.5
355.0,100.0,504.0,5000.0,1.0,0.2,90.0,7.0,60.0,0.0,90.0,4804.0,11.0,9.0,125.0,196.0,134.0,6.0,1.245096201,2.129032258
356.0,100.0,504.0,5000.0,1.0,0.2,90.0,7.0,60.0,0.0,100.0,4816.0,7.0,6.0,127.0,184.0,136.0,7.0,1.617712492,2.289855072
357.0,100.0,504.0,5000.0,1.0,0.2,90.0,7.0,60.0,70.0,0.0,4060.0,65.0,64.0,411.0,940.0,602.0,12.0,1.42148721,2.090909091
358.0,100.0,504.0,5000.0,1.0,0.2,90.0,7.0,60.0,70.0,80.0,4071.0,63.0,41.0,523.0,929.0,616.0,9.0,1.396650205,2.024242424
359.0,100.0,504.0,5000.0,1.0,0.2,90.0,7.0,60.0,70.0,90.0,4810.0,38.0,14.0,122.0,190.0,130.0,8.0,1.419159522,2.1818181819999998
360.0,100.0,504.0,5000.0,1.0,0.2,90.0,7.0,60.0,70.0,100.0,4830.0,48.0,22.0,126.0,170.0,123.0,7.0,1.2637373,2.076923077
361.0,100.0,504.0,5000.0,1.0,0.2,90.0,7.0,60.0,80.0,0.0,4751.0,65.0,65.0,105.0,249.0,163.0,9.0,1.378004444,3.0
362.0,100.0,504.0,5000.0,1.0,0.2,90.0,7.0,60.0,80.0,80.0,5000.0,0.0,0.0,0.0,0.0,0.0,0.0,0.0,0.0
363.0,100.0,504.0,5000.0,1.0,0.2,90.0,7.0,60.0,80.0,90.0,5000.0,0.0,0.0,0.0,0.0,0.0,0.0,0.0,0.0
364.0,100.0,504.0,5000.0,1.0,0.2,90.0,7.0,60.0,80.0,100.0,4798.0,59.0,38.0,120.0,202.0,138.0,6.0,1.8322507630000002,2.272727273
365.0,100.0,504.0,5000.0,1.0,0.2,90.0,7.0,60.0,90.0,0.0,4999.0,7.0,7.0,1.0,1.0,2.0,2.0,0.0,2.0
366.0,100.0,504.0,5000.0,1.0,0.2,90.0,7.0,60.0,90.0,80.0,5000.0,0.0,0.0,0.0,0.0,0.0,0.0,0.0,0.0
367.0,100.0,504.0,5000.0,1.0,0.2,90.0,7.0,60.0,90.0,90.0,4961.0,64.0,62.0,21.0,39.0,25.0,6.0,1.97604704,3.0
368.0,100.0,504.0,5000.0,1.0,0.2,90.0,7.0,60.0,90.0,100.0,4999.0,1.0,1.0,0.0,1.0,0.0,1.0,0.0,1.0
369.0,100.0,504.0,5000.0,1.0,0.2,90.0,7.0,100.0,0.0,0.0,1934.0,40.0,30.0,1929.0,3066.0,2851.0,12.0,1.6391501419999999,2.161764706
370.0,100.0,504.0,5000.0,1.0,0.2,90.0,7.0,100.0,0.0,80.0,1972.0,46.0,27.0,1914.0,3028.0,2860.0,10.0,1.407636649,2.045454545
371.0,100.0,504.0,5000.0,1.0,0.2,90.0,7.0,100.0,0.0,90.0,4819.0,13.0,7.0,133.0,181.0,187.0,7.0,1.188348035,1.9186046509999999
372.0,100.0,504.0,5000.0,1.0,0.2,90.0,7.0,100.0,0.0,100.0,4843.0,10.0,8.0,135.0,157.0,181.0,7.0,1.56427929,2.583333333
373.0,100.0,504.0,5000.0,1.0,0.2,90.0,7.0,100.0,70.0,0.0,3477.0,65.0,62.0,721.0,1523.0,1463.0,9.0,1.934835844,2.8
374.0,100.0,504.0,5000.0,1.0,0.2,90.0,7.0,100.0,70.0,80.0,4810.0,21.0,13.0,144.0,190.0,190.0,7.0,1.5118578919999999,2.1864406780000003
375.0,100.0,504.0,5000.0,1.0,0.2,90.0,7.0,100.0,70.0,90.0,4815.0,35.0,26.0,115.0,185.0,179.0,6.0,1.732050808,2.166666667
376.0,100.0,504.0,5000.0,1.0,0.2,90.0,7.0,100.0,70.0,100.0,4816.0,28.0,18.0,112.0,184.0,169.0,9.0,1.736626908,2.028571429
377.0,100.0,504.0,5000.0,1.0,0.2,90.0,7.0,100.0,80.0,0.0,4807.0,65.0,52.0,100.0,193.0,197.0,7.0,3.464101615,3.0
378.0,100.0,504.0,5000.0,1.0,0.2,90.0,7.0,100.0,80.0,80.0,4769.0,65.0,29.0,97.0,231.0,203.0,6.0,2.121320344,2.5
379.0,100.0,504.0,5000.0,1.0,0.2,90.0,7.0,100.0,80.0,90.0,4846.0,52.0,27.0,83.0,154.0,136.0,7.0,1.419315251,2.244897959
380.0,100.0,504.0,5000.0,1.0,0.2,90.0,7.0,100.0,80.0,100.0,4818.0,57.0,36.0,88.0,182.0,143.0,6.0,1.455493572,2.222222222
381.0,100.0,504.0,5000.0,1.0,0.2,90.0,7.0,100.0,90.0,0.0,4989.0,40.0,18.0,5.0,11.0,10.0,3.0,1.0,2.5
382.0,100.0,504.0,5000.0,1.0,0.2,90.0,7.0,100.0,90.0,80.0,5000.0,0.0,0.0,1.0,0.0,1.0,0.0,0.0,0.0
383.0,100.0,504.0,5000.0,1.0,0.2,90.0,7.0,100.0,90.0,90.0,5000.0,0.0,0.0,0.0,0.0,0.0,0.0,0.0,0.0
384.0,100.0,504.0,5000.0,1.0,0.2,90.0,7.0,100.0,90.0,100.0,4974.0,44.0,41.0,11.0,26.0,19.0,4.0,1.4142135619999998,2.0
