run_no,avg_susceptibility,avg_recovery_time,initial_population,initial_infected,average_death_rate,average_recovery_rate,quarantine_delay,mass_testing_intensity,social_distancing_intensity,lockdown_intensity,final_pop,day_max_infected,day_max_infetion,total_infected,total_recovered,total_deaths,total_quarantined,max_infected,max_variance,max_mean
1.0,60.0,504.0,5000.0,1.0,0.2,90.0,1.0,0.0,0.0,0.0,1945.0,43.0,30.0,1967.0,1913.0,3055.0,0.0,12.0,1.81970348,2.222222222
2.0,60.0,504.0,5000.0,1.0,0.2,90.0,1.0,0.0,0.0,80.0,2884.0,65.0,47.0,1338.0,1108.0,2116.0,0.0,16.0,1.947059689,2.425287356
3.0,60.0,504.0,5000.0,1.0,0.2,90.0,1.0,0.0,0.0,90.0,4772.0,26.0,11.0,261.0,121.0,228.0,0.0,8.0,1.530621779,2.123595506
4.0,60.0,504.0,5000.0,1.0,0.2,90.0,1.0,0.0,0.0,100.0,4798.0,25.0,9.0,258.0,115.0,202.0,0.0,10.0,1.7461655409999999,2.010204082
5.0,60.0,504.0,5000.0,1.0,0.2,90.0,1.0,0.0,70.0,0.0,4383.0,65.0,65.0,551.0,269.0,617.0,0.0,11.0,2.0889318709999998,4.0
6.0,60.0,504.0,5000.0,1.0,0.2,90.0,1.0,0.0,70.0,80.0,4654.0,64.0,55.0,190.0,168.0,346.0,0.0,8.0,1.523640172,3.0
7.0,60.0,504.0,5000.0,1.0,0.2,90.0,1.0,0.0,70.0,90.0,4794.0,42.0,25.0,188.0,121.0,206.0,0.0,6.0,1.457181054,2.384615385
8.0,60.0,504.0,5000.0,1.0,0.2,90.0,1.0,0.0,70.0,100.0,4810.0,34.0,23.0,168.0,114.0,190.0,0.0,7.0,1.7861904130000001,2.095238095
9.0,60.0,504.0,5000.0,1.0,0.2,90.0,1.0,0.0,80.0,0.0,5000.0,0.0,0.0,1.0,0.0,0.0,0.0,0.0,0.0,0.0
10.0,60.0,504.0,5000.0,1.0,0.2,90.0,1.0,0.0,80.0,80.0,4869.0,65.0,27.0,78.0,77.0,131.0,0.0,6.0,2.121320344,5.0
11.0,60.0,504.0,5000.0,1.0,0.2,90.0,1.0,0.0,80.0,90.0,4852.0,65.0,34.0,71.0,89.0,148.0,0.0,9.0,1.738988681,2.46
12.0,60.0,504.0,5000.0,1.0,0.2,90.0,1.0,0.0,80.0,100.0,4805.0,62.0,34.0,170.0,123.0,195.0,0.0,7.0,1.244918265,2.103448276
13.0,60.0,504.0,5000.0,1.0,0.2,90.0,1.0,0.0,90.0,0.0,4995.0,23.0,12.0,5.0,6.0,5.0,0.0,3.0,1.154700538,3.0
14.0,60.0,504.0,5000.0,1.0,0.2,90.0,1.0,0.0,90.0,80.0,4933.0,65.0,28.0,36.0,44.0,67.0,0.0,5.0,1.329023833,2.272727273
15.0,60.0,504.0,5000.0,1.0,0.2,90.0,1.0,0.0,90.0,90.0,4975.0,65.0,33.0,18.0,19.0,25.0,0.0,4.0,1.4142135619999998,2.2
16.0,60.0,504.0,5000.0,1.0,0.2,90.0,1.0,0.0,90.0,100.0,4961.0,65.0,52.0,30.0,26.0,39.0,0.0,7.0,1.5296631269999998,2.214285714
17.0,60.0,504.0,5000.0,1.0,0.2,90.0,1.0,20.0,0.0,0.0,1974.0,46.0,30.0,2144.0,1948.0,3026.0,3822.0,10.0,1.517098316,2.225
18.0,60.0,504.0,5000.0,1.0,0.2,90.0,1.0,20.0,0.0,80.0,4437.0,49.0,15.0,407.0,338.0,563.0,666.0,10.0,1.568414321,2.0421052630000003
19.0,60.0,504.0,5000.0,1.0,0.2,90.0,1.0,20.0,0.0,90.0,4799.0,9.0,8.0,269.0,122.0,201.0,258.0,10.0,1.607823421,2.092307692
20.0,60.0,504.0,5000.0,1.0,0.2,90.0,1.0,20.0,0.0,100.0,4802.0,12.0,10.0,266.0,134.0,198.0,254.0,8.0,1.366574093,2.0957446809999998
21.0,60.0,504.0,5000.0,1.0,0.2,90.0,1.0,20.0,70.0,0.0,4992.0,13.0,13.0,7.0,3.0,8.0,8.0,4.0,2.121320344,3.0
22.0,60.0,504.0,5000.0,1.0,0.2,90.0,1.0,20.0,70.0,80.0,4912.0,65.0,63.0,80.0,38.0,88.0,140.0,6.0,1.3738872359999998,2.127272727
23.0,60.0,504.0,5000.0,1.0,0.2,90.0,1.0,20.0,70.0,90.0,4937.0,33.0,20.0,71.0,55.0,63.0,89.0,5.0,2.0,2.0
24.0,60.0,504.0,5000.0,1.0,0.2,90.0,1.0,20.0,70.0,100.0,4840.0,56.0,46.0,141.0,91.0,160.0,223.0,8.0,1.328670145,2.0
25.0,60.0,504.0,5000.0,1.0,0.2,90.0,1.0,20.0,80.0,0.0,4983.0,18.0,13.0,20.0,10.0,17.0,24.0,4.0,1.032795559,2.0
26.0,60.0,504.0,5000.0,1.0,0.2,90.0,1.0,20.0,80.0,80.0,4955.0,49.0,31.0,29.0,32.0,45.0,59.0,7.0,2.267786838,2.217391304
27.0,60.0,504.0,5000.0,1.0,0.2,90.0,1.0,20.0,80.0,90.0,5000.0,0.0,0.0,1.0,0.0,0.0,0.0,0.0,0.0,0.0
28.0,60.0,504.0,5000.0,1.0,0.2,90.0,1.0,20.0,80.0,100.0,4989.0,25.0,16.0,11.0,7.0,11.0,14.0,5.0,1.380131119,2.5
29.0,60.0,504.0,5000.0,1.0,0.2,90.0,1.0,20.0,90.0,0.0,5000.0,0.0,0.0,1.0,0.0,0.0,1.0,0.0,0.0,0.0
30.0,60.0,504.0,5000.0,1.0,0.2,90.0,1.0,20.0,90.0,80.0,4999.0,3.0,3.0,2.0,0.0,1.0,2.0,1.0,0.0,1.0
31.0,60.0,504.0,5000.0,1.0,0.2,90.0,1.0,20.0,90.0,90.0,4997.0,7.0,7.0,6.0,1.0,3.0,6.0,3.0,0.7071067809999999,2.5
32.0,60.0,504.0,5000.0,1.0,0.2,90.0,1.0,20.0,90.0,100.0,4998.0,8.0,8.0,3.0,0.0,2.0,2.0,1.0,0.0,1.0
33.0,60.0,504.0,5000.0,1.0,0.2,90.0,1.0,60.0,0.0,0.0,2098.0,63.0,32.0,1840.0,1779.0,2902.0,4333.0,9.0,1.853027825,2.2
34.0,60.0,504.0,5000.0,1.0,0.2,90.0,1.0,60.0,0.0,80.0,4648.0,22.0,17.0,350.0,219.0,352.0,513.0,7.0,1.35792917,2.166666667
35.0,60.0,504.0,5000.0,1.0,0.2,90.0,1.0,60.0,0.0,90.0,4826.0,14.0,12.0,237.0,128.0,174.0,271.0,6.0,1.3577885490000001,2.074074074
36.0,60.0,504.0,5000.0,1.0,0.2,90.0,1.0,60.0,0.0,100.0,4813.0,16.0,8.0,252.0,124.0,187.0,280.0,6.0,1.387014608,2.266666667
37.0,60.0,504.0,5000.0,1.0,0.2,90.0,1.0,60.0,70.0,0.0,5000.0,0.0,0.0,1.0,0.0,0.0,1.0,0.0,0.0,0.0
38.0,60.0,504.0,5000.0,1.0,0.2,90.0,1.0,60.0,70.0,80.0,5000.0,0.0,0.0,1.0,0.0,0.0,1.0,0.0,0.0,0.0
39.0,60.0,504.0,5000.0,1.0,0.2,90.0,1.0,60.0,70.0,90.0,4996.0,8.0,8.0,8.0,3.0,4.0,9.0,2.0,0.7071067809999999,2.0
40.0,60.0,504.0,5000.0,1.0,0.2,90.0,1.0,60.0,70.0,100.0,4989.0,4.0,4.0,16.0,7.0,11.0,17.0,3.0,1.095445115,2.4
41.0,60.0,504.0,5000.0,1.0,0.2,90.0,1.0,60.0,80.0,0.0,4999.0,2.0,2.0,2.0,0.0,1.0,2.0,1.0,0.0,1.0
42.0,60.0,504.0,5000.0,1.0,0.2,90.0,1.0,60.0,80.0,80.0,5000.0,0.0,0.0,1.0,0.0,0.0,1.0,0.0,0.0,0.0
43.0,60.0,504.0,5000.0,1.0,0.2,90.0,1.0,60.0,80.0,90.0,5000.0,0.0,0.0,1.0,0.0,0.0,0.0,0.0,0.0,0.0
44.0,60.0,504.0,5000.0,1.0,0.2,90.0,1.0,60.0,80.0,100.0,5000.0,0.0,0.0,1.0,0.0,0.0,1.0,0.0,0.0,0.0
45.0,60.0,504.0,5000.0,1.0,0.2,90.0,1.0,60.0,90.0,0.0,4999.0,1.0,1.0,2.0,0.0,1.0,2.0,1.0,0.0,1.0
46.0,60.0,504.0,5000.0,1.0,0.2,90.0,1.0,60.0,90.0,80.0,5000.0,0.0,0.0,1.0,1.0,0.0,1.0,0.0,0.0,0.0
47.0,60.0,504.0,5000.0,1.0,0.2,90.0,1.0,60.0,90.0,90.0,5000.0,0.0,0.0,1.0,0.0,0.0,1.0,0.0,0.0,0.0
48.0,60.0,504.0,5000.0,1.0,0.2,90.0,1.0,60.0,90.0,100.0,5000.0,0.0,0.0,1.0,0.0,0.0,1.0,0.0,0.0,0.0
49.0,60.0,504.0,5000.0,1.0,0.2,90.0,1.0,100.0,0.0,0.0,2701.0,65.0,56.0,1524.0,1021.0,2299.0,3910.0,8.0,1.463850109,2.0
50.0,60.0,504.0,5000.0,1.0,0.2,90.0,1.0,100.0,0.0,80.0,4842.0,15.0,13.0,208.0,126.0,158.0,271.0,6.0,1.406132276,2.217391304
51.0,60.0,504.0,5000.0,1.0,0.2,90.0,1.0,100.0,0.0,90.0,4801.0,16.0,13.0,228.0,124.0,199.0,297.0,7.0,1.439175136,2.074074074
52.0,60.0,504.0,5000.0,1.0,0.2,90.0,1.0,100.0,0.0,100.0,4796.0,13.0,12.0,265.0,134.0,204.0,310.0,5.0,1.527525232,4.0
53.0,60.0,504.0,5000.0,1.0,0.2,90.0,1.0,100.0,70.0,0.0,5000.0,0.0,0.0,1.0,0.0,0.0,1.0,0.0,0.0,0.0
54.0,60.0,504.0,5000.0,1.0,0.2,90.0,1.0,100.0,70.0,80.0,4999.0,1.0,1.0,2.0,0.0,1.0,2.0,1.0,0.0,1.0
55.0,60.0,504.0,5000.0,1.0,0.2,90.0,1.0,100.0,70.0,90.0,5000.0,1.0,1.0,2.0,1.0,0.0,2.0,1.0,0.0,1.0
56.0,60.0,504.0,5000.0,1.0,0.2,90.0,1.0,100.0,70.0,100.0,4993.0,3.0,3.0,7.0,1.0,7.0,8.0,2.0,0.577350269,2.0
57.0,60.0,504.0,5000.0,1.0,0.2,90.0,1.0,100.0,80.0,0.0,5000.0,1.0,1.0,2.0,1.0,0.0,2.0,1.0,0.0,1.0
58.0,60.0,504.0,5000.0,1.0,0.2,90.0,1.0,100.0,80.0,80.0,5000.0,0.0,0.0,1.0,0.0,0.0,1.0,0.0,0.0,0.0
59.0,60.0,504.0,5000.0,1.0,0.2,90.0,1.0,100.0,80.0,90.0,4997.0,2.0,2.0,4.0,0.0,3.0,4.0,2.0,0.7071067809999999,1.5
60.0,60.0,504.0,5000.0,1.0,0.2,90.0,1.0,100.0,80.0,100.0,4997.0,2.0,2.0,4.0,0.0,3.0,4.0,1.0,0.0,1.0
61.0,60.0,504.0,5000.0,1.0,0.2,90.0,1.0,100.0,90.0,0.0,5000.0,0.0,0.0,1.0,0.0,0.0,1.0,0.0,0.0,0.0
62.0,60.0,504.0,5000.0,1.0,0.2,90.0,1.0,100.0,90.0,80.0,5000.0,0.0,0.0,1.0,0.0,0.0,1.0,0.0,0.0,0.0
63.0,60.0,504.0,5000.0,1.0,0.2,90.0,1.0,100.0,90.0,90.0,5000.0,0.0,0.0,1.0,0.0,0.0,1.0,0.0,0.0,0.0
64.0,60.0,504.0,5000.0,1.0,0.2,90.0,1.0,100.0,90.0,100.0,5000.0,1.0,1.0,2.0,1.0,0.0,2.0,1.0,0.0,1.0
65.0,60.0,504.0,5000.0,1.0,0.2,90.0,3.0,0.0,0.0,0.0,1913.0,39.0,30.0,2157.0,1893.0,3087.0,0.0,11.0,1.4667806630000002,2.104918033
66.0,60.0,504.0,5000.0,1.0,0.2,90.0,3.0,0.0,0.0,80.0,2437.0,65.0,46.0,1419.0,1489.0,2563.0,0.0,13.0,1.4514472669999998,2.357142857
67.0,60.0,504.0,5000.0,1.0,0.2,90.0,3.0,0.0,0.0,90.0,3303.0,65.0,64.0,1293.0,673.0,1697.0,0.0,13.0,1.7833479280000002,2.5625
68.0,60.0,504.0,5000.0,1.0,0.2,90.0,3.0,0.0,0.0,100.0,4811.0,12.0,9.0,234.0,116.0,189.0,0.0,8.0,1.847778589,2.444444444
69.0,60.0,504.0,5000.0,1.0,0.2,90.0,3.0,0.0,70.0,0.0,4486.0,65.0,60.0,293.0,201.0,514.0,0.0,11.0,1.673320053,2.20212766
70.0,60.0,504.0,5000.0,1.0,0.2,90.0,3.0,0.0,70.0,80.0,4810.0,59.0,18.0,109.0,129.0,190.0,0.0,8.0,1.574347938,2.257575758
71.0,60.0,504.0,5000.0,1.0,0.2,90.0,3.0,0.0,70.0,90.0,4645.0,65.0,28.0,165.0,188.0,355.0,0.0,10.0,1.670009633,3.0
72.0,60.0,504.0,5000.0,1.0,0.2,90.0,3.0,0.0,70.0,100.0,4808.0,50.0,27.0,127.0,129.0,192.0,0.0,12.0,1.7625273940000001,1.946428571
73.0,60.0,504.0,5000.0,1.0,0.2,90.0,3.0,0.0,80.0,0.0,4748.0,65.0,64.0,197.0,100.0,252.0,0.0,8.0,2.4013884869999997,3.0
74.0,60.0,504.0,5000.0,1.0,0.2,90.0,3.0,0.0,80.0,80.0,4873.0,65.0,30.0,82.0,86.0,127.0,0.0,6.0,1.763834207,2.465116279
75.0,60.0,504.0,5000.0,1.0,0.2,90.0,3.0,0.0,80.0,90.0,4712.0,65.0,42.0,194.0,185.0,288.0,0.0,8.0,1.576359558,2.166666667
76.0,60.0,504.0,5000.0,1.0,0.2,90.0,3.0,0.0,80.0,100.0,4831.0,65.0,50.0,99.0,94.0,169.0,0.0,10.0,1.6759962959999999,2.226415094
77.0,60.0,504.0,5000.0,1.0,0.2,90.0,3.0,0.0,90.0,0.0,5000.0,21.0,21.0,2.0,1.0,0.0,0.0,1.0,0.0,1.0
78.0,60.0,504.0,5000.0,1.0,0.2,90.0,3.0,0.0,90.0,80.0,4942.0,65.0,65.0,37.0,33.0,58.0,0.0,6.0,1.914854216,2.4
79.0,60.0,504.0,5000.0,1.0,0.2,90.0,3.0,0.0,90.0,90.0,4973.0,62.0,23.0,17.0,15.0,27.0,0.0,3.0,0.916125381,2.0
80.0,60.0,504.0,5000.0,1.0,0.2,90.0,3.0,0.0,90.0,100.0,4987.0,64.0,26.0,9.0,6.0,13.0,0.0,3.0,1.0,2.5
81.0,60.0,504.0,5000.0,1.0,0.2,90.0,3.0,20.0,0.0,0.0,1976.0,32.0,24.0,2857.0,1975.0,3024.0,2231.0,10.0,1.423139645,2.0386904759999998
82.0,60.0,504.0,5000.0,1.0,0.2,90.0,3.0,20.0,0.0,80.0,2336.0,65.0,36.0,1458.0,1575.0,2664.0,1952.0,12.0,1.8329889480000001,2.4
83.0,60.0,504.0,5000.0,1.0,0.2,90.0,3.0,20.0,0.0,90.0,4574.0,21.0,20.0,423.0,252.0,426.0,298.0,12.0,1.4930185790000001,2.126315789
84.0,60.0,504.0,5000.0,1.0,0.2,90.0,3.0,20.0,0.0,100.0,4836.0,8.0,6.0,227.0,113.0,164.0,119.0,8.0,1.687141988,2.238095238
85.0,60.0,504.0,5000.0,1.0,0.2,90.0,3.0,20.0,70.0,0.0,4623.0,65.0,28.0,212.0,195.0,377.0,287.0,8.0,1.431575315,2.0098039219999997
86.0,60.0,504.0,5000.0,1.0,0.2,90.0,3.0,20.0,70.0,80.0,4569.0,65.0,52.0,265.0,218.0,431.0,342.0,7.0,1.396109302,2.0851063830000003
87.0,60.0,504.0,5000.0,1.0,0.2,90.0,3.0,20.0,70.0,90.0,4835.0,49.0,29.0,182.0,128.0,165.0,130.0,7.0,1.65748386,3.0
88.0,60.0,504.0,5000.0,1.0,0.2,90.0,3.0,20.0,70.0,100.0,4803.0,42.0,24.0,171.0,134.0,197.0,145.0,6.0,1.4206272619999998,2.203703704
89.0,60.0,504.0,5000.0,1.0,0.2,90.0,3.0,20.0,80.0,0.0,4880.0,65.0,34.0,75.0,69.0,120.0,93.0,6.0,1.474205014,2.1818181819999998
90.0,60.0,504.0,5000.0,1.0,0.2,90.0,3.0,20.0,80.0,80.0,4841.0,60.0,39.0,117.0,113.0,159.0,132.0,6.0,2.19089023,3.166666667
91.0,60.0,504.0,5000.0,1.0,0.2,90.0,3.0,20.0,80.0,90.0,4876.0,65.0,25.0,82.0,72.0,124.0,78.0,7.0,1.594674395,2.106382979
92.0,60.0,504.0,5000.0,1.0,0.2,90.0,3.0,20.0,80.0,100.0,4999.0,5.0,0.0,1.0,0.0,1.0,0.0,1.0,0.0,1.0
93.0,60.0,504.0,5000.0,1.0,0.2,90.0,3.0,20.0,90.0,0.0,4990.0,46.0,24.0,10.0,8.0,10.0,8.0,3.0,1.4142135619999998,2.0
94.0,60.0,504.0,5000.0,1.0,0.2,90.0,3.0,20.0,90.0,80.0,4988.0,64.0,64.0,15.0,11.0,12.0,13.0,5.0,2.828427125,3.5
95.0,60.0,504.0,5000.0,1.0,0.2,90.0,3.0,20.0,90.0,90.0,4985.0,39.0,38.0,14.0,11.0,15.0,15.0,4.0,1.125991626,1.875
96.0,60.0,504.0,5000.0,1.0,0.2,90.0,3.0,20.0,90.0,100.0,4980.0,40.0,26.0,19.0,13.0,20.0,17.0,6.0,1.663329993,2.4
97.0,60.0,504.0,5000.0,1.0,0.2,90.0,3.0,60.0,0.0,0.0,1987.0,49.0,36.0,2022.0,1858.0,3013.0,3616.0,11.0,1.430817812,2.0761079
98.0,60.0,504.0,5000.0,1.0,0.2,90.0,3.0,60.0,0.0,80.0,3501.0,45.0,25.0,1285.0,989.0,1499.0,1783.0,9.0,1.3952756780000002,2.0625
99.0,60.0,504.0,5000.0,1.0,0.2,90.0,3.0,60.0,0.0,90.0,4432.0,33.0,29.0,390.0,357.0,568.0,675.0,10.0,1.649517836,4.0
100.0,60.0,504.0,5000.0,1.0,0.2,90.0,3.0,60.0,0.0,100.0,4814.0,13.0,9.0,242.0,100.0,186.0,216.0,6.0,1.6212869669999999,3.0
101.0,60.0,504.0,5000.0,1.0,0.2,90.0,3.0,60.0,70.0,0.0,4786.0,65.0,52.0,141.0,120.0,214.0,286.0,6.0,1.08140428,2.0
102.0,60.0,504.0,5000.0,1.0,0.2,90.0,3.0,60.0,70.0,80.0,4875.0,53.0,21.0,113.0,90.0,125.0,164.0,5.0,1.234661996,2.1818181819999998
103.0,60.0,504.0,5000.0,1.0,0.2,90.0,3.0,60.0,70.0,90.0,4838.0,52.0,42.0,97.0,85.0,162.0,189.0,6.0,1.923538406,2.8
104.0,60.0,504.0,5000.0,1.0,0.2,90.0,3.0,60.0,70.0,100.0,4874.0,45.0,21.0,97.0,67.0,126.0,142.0,8.0,1.49491571,2.25
105.0,60.0,504.0,5000.0,1.0,0.2,90.0,3.0,60.0,80.0,0.0,4971.0,43.0,21.0,24.0,20.0,29.0,39.0,5.0,1.333333333,2.0
106.0,60.0,504.0,5000.0,1.0,0.2,90.0,3.0,60.0,80.0,80.0,4999.0,9.0,9.0,2.0,0.0,1.0,2.0,1.0,0.0,1.0
107.0,60.0,504.0,5000.0,1.0,0.2,90.0,3.0,60.0,80.0,90.0,4937.0,33.0,24.0,49.0,37.0,63.0,72.0,6.0,1.4142135619999998,2.333333333
108.0,60.0,504.0,5000.0,1.0,0.2,90.0,3.0,60.0,80.0,100.0,4998.0,3.0,3.0,3.0,0.0,2.0,3.0,1.0,0.0,1.0
109.0,60.0,504.0,5000.0,1.0,0.2,90.0,3.0,60.0,90.0,0.0,4999.0,2.0,2.0,2.0,0.0,1.0,1.0,1.0,0.0,1.0
110.0,60.0,504.0,5000.0,1.0,0.2,90.0,3.0,60.0,90.0,80.0,5000.0,0.0,0.0,1.0,0.0,0.0,1.0,0.0,0.0,0.0
111.0,60.0,504.0,5000.0,1.0,0.2,90.0,3.0,60.0,90.0,90.0,4998.0,10.0,10.0,4.0,2.0,2.0,4.0,2.0,0.7071067809999999,1.5
112.0,60.0,504.0,5000.0,1.0,0.2,90.0,3.0,60.0,90.0,100.0,5000.0,0.0,0.0,1.0,0.0,0.0,1.0,0.0,0.0,0.0
113.0,60.0,504.0,5000.0,1.0,0.2,90.0,3.0,100.0,0.0,0.0,1957.0,34.0,26.0,2744.0,1945.0,3043.0,3974.0,9.0,2.121320344,2.5
114.0,60.0,504.0,5000.0,1.0,0.2,90.0,3.0,100.0,0.0,80.0,3831.0,32.0,28.0,913.0,708.0,1169.0,1522.0,8.0,1.4142135619999998,2.0
115.0,60.0,504.0,5000.0,1.0,0.2,90.0,3.0,100.0,0.0,90.0,4196.0,50.0,18.0,464.0,486.0,804.0,1044.0,9.0,1.4853752009999999,2.037735849
116.0,60.0,504.0,5000.0,1.0,0.2,90.0,3.0,100.0,0.0,100.0,4801.0,9.0,8.0,265.0,122.0,199.0,254.0,9.0,2.073644135,2.4
117.0,60.0,504.0,5000.0,1.0,0.2,90.0,3.0,100.0,70.0,0.0,4968.0,25.0,20.0,26.0,15.0,32.0,37.0,4.0,1.0350983390000001,1.857142857
118.0,60.0,504.0,5000.0,1.0,0.2,90.0,3.0,100.0,70.0,80.0,4885.0,33.0,22.0,101.0,79.0,115.0,159.0,5.0,1.380131119,2.285714286
119.0,60.0,504.0,5000.0,1.0,0.2,90.0,3.0,100.0,70.0,90.0,4930.0,42.0,21.0,72.0,53.0,70.0,107.0,5.0,1.145643924,2.055555556
120.0,60.0,504.0,5000.0,1.0,0.2,90.0,3.0,100.0,70.0,100.0,4941.0,47.0,9.0,42.0,38.0,59.0,77.0,6.0,1.4064216930000002,2.0
121.0,60.0,504.0,5000.0,1.0,0.2,90.0,3.0,100.0,80.0,0.0,4977.0,15.0,9.0,27.0,18.0,23.0,31.0,5.0,1.7215215259999999,2.75
122.0,60.0,504.0,5000.0,1.0,0.2,90.0,3.0,100.0,80.0,80.0,4979.0,17.0,15.0,19.0,8.0,21.0,23.0,3.0,0.8366600270000001,2.0
123.0,60.0,504.0,5000.0,1.0,0.2,90.0,3.0,100.0,80.0,90.0,4979.0,23.0,17.0,22.0,12.0,21.0,28.0,3.0,1.0,2.0
124.0,60.0,504.0,5000.0,1.0,0.2,90.0,3.0,100.0,80.0,100.0,4989.0,23.0,20.0,15.0,16.0,11.0,19.0,4.0,0.971825316,1.5555555559999998
125.0,60.0,504.0,5000.0,1.0,0.2,90.0,3.0,100.0,90.0,0.0,5000.0,2.0,2.0,2.0,0.0,0.0,1.0,1.0,0.0,1.0
126.0,60.0,504.0,5000.0,1.0,0.2,90.0,3.0,100.0,90.0,80.0,4998.0,3.0,3.0,3.0,0.0,2.0,3.0,1.0,0.0,1.0
127.0,60.0,504.0,5000.0,1.0,0.2,90.0,3.0,100.0,90.0,90.0,4999.0,6.0,6.0,4.0,2.0,1.0,4.0,2.0,0.7071067809999999,2.0
128.0,60.0,504.0,5000.0,1.0,0.2,90.0,3.0,100.0,90.0,100.0,5000.0,0.0,0.0,1.0,0.0,0.0,1.0,0.0,0.0,0.0
129.0,60.0,504.0,5000.0,1.0,0.2,90.0,7.0,0.0,0.0,0.0,2002.0,40.0,34.0,2052.0,1970.0,2998.0,0.0,13.0,1.824358196,2.2
130.0,60.0,504.0,5000.0,1.0,0.2,90.0,7.0,0.0,0.0,80.0,2253.0,65.0,37.0,1737.0,1590.0,2747.0,0.0,12.0,1.4430504130000001,2.352941176
131.0,60.0,504.0,5000.0,1.0,0.2,90.0,7.0,0.0,0.0,90.0,4366.0,65.0,19.0,405.0,359.0,634.0,0.0,11.0,1.772810521,2.285714286
132.0,60.0,504.0,5000.0,1.0,0.2,90.0,7.0,0.0,0.0,100.0,4817.0,11.0,9.0,246.0,133.0,183.0,0.0,11.0,1.74642492,3.0
133.0,60.0,504.0,5000.0,1.0,0.2,90.0,7.0,0.0,70.0,0.0,4278.0,65.0,60.0,410.0,379.0,722.0,0.0,8.0,1.453599883,2.186046512
134.0,60.0,504.0,5000.0,1.0,0.2,90.0,7.0,0.0,70.0,80.0,4612.0,64.0,17.0,185.0,197.0,388.0,0.0,9.0,1.3917723990000002,2.333333333
135.0,60.0,504.0,5000.0,1.0,0.2,90.0,7.0,0.0,70.0,90.0,4836.0,52.0,26.0,142.0,110.0,164.0,0.0,9.0,1.553178376,3.0
136.0,60.0,504.0,5000.0,1.0,0.2,90.0,7.0,0.0,70.0,100.0,4828.0,43.0,19.0,133.0,98.0,172.0,0.0,5.0,1.354006401,2.158730159
137.0,60.0,504.0,5000.0,1.0,0.2,90.0,7.0,0.0,80.0,0.0,4743.0,65.0,64.0,226.0,111.0,257.0,0.0,9.0,2.400757456,2.666666667
138.0,60.0,504.0,5000.0,1.0,0.2,90.0,7.0,0.0,80.0,80.0,4849.0,63.0,55.0,92.0,92.0,151.0,0.0,7.0,1.8337495369999999,3.0
139.0,60.0,504.0,5000.0,1.0,0.2,90.0,7.0,0.0,80.0,90.0,5000.0,0.0,0.0,1.0,0.0,0.0,0.0,0.0,0.0,0.0
140.0,60.0,504.0,5000.0,1.0,0.2,90.0,7.0,0.0,80.0,100.0,4822.0,65.0,31.0,106.0,110.0,178.0,0.0,8.0,1.666340294,2.262295082
141.0,60.0,504.0,5000.0,1.0,0.2,90.0,7.0,0.0,90.0,0.0,5000.0,0.0,0.0,1.0,0.0,0.0,0.0,0.0,0.0,0.0
142.0,60.0,504.0,5000.0,1.0,0.2,90.0,7.0,0.0,90.0,80.0,5000.0,0.0,0.0,1.0,0.0,0.0,0.0,0.0,0.0,0.0
143.0,60.0,504.0,5000.0,1.0,0.2,90.0,7.0,0.0,90.0,90.0,4972.0,63.0,40.0,17.0,14.0,28.0,0.0,3.0,1.0,2.5
144.0,60.0,504.0,5000.0,1.0,0.2,90.0,7.0,0.0,90.0,100.0,4986.0,65.0,65.0,9.0,5.0,14.0,0.0,4.0,1.527525232,2.666666667
145.0,60.0,504.0,5000.0,1.0,0.2,90.0,7.0,20.0,0.0,0.0,1995.0,54.0,38.0,1936.0,1900.0,3005.0,878.0,12.0,1.407877136,2.0563380280000003
146.0,60.0,504.0,5000.0,1.0,0.2,90.0,7.0,20.0,0.0,80.0,3041.0,65.0,65.0,928.0,989.0,1959.0,539.0,11.0,1.52429237,2.277777778
147.0,60.0,504.0,5000.0,1.0,0.2,90.0,7.0,20.0,0.0,90.0,3639.0,65.0,38.0,867.0,767.0,1361.0,402.0,10.0,1.4207692140000001,2.5
148.0,60.0,504.0,5000.0,1.0,0.2,90.0,7.0,20.0,0.0,100.0,4799.0,9.0,9.0,269.0,132.0,201.0,70.0,7.0,1.469575174,2.12037037
149.0,60.0,504.0,5000.0,1.0,0.2,90.0,7.0,20.0,70.0,0.0,4367.0,65.0,65.0,330.0,325.0,633.0,177.0,8.0,1.374471035,2.155172414
150.0,60.0,504.0,5000.0,1.0,0.2,90.0,7.0,20.0,70.0,80.0,5000.0,0.0,0.0,1.0,0.0,0.0,0.0,0.0,0.0,0.0
151.0,60.0,504.0,5000.0,1.0,0.2,90.0,7.0,20.0,70.0,90.0,4819.0,37.0,20.0,174.0,145.0,181.0,62.0,11.0,2.217355783,3.5
152.0,60.0,504.0,5000.0,1.0,0.2,90.0,7.0,20.0,70.0,100.0,4809.0,39.0,21.0,181.0,132.0,191.0,56.0,8.0,1.6039723419999998,2.217391304
153.0,60.0,504.0,5000.0,1.0,0.2,90.0,7.0,20.0,80.0,0.0,4853.0,65.0,41.0,104.0,82.0,147.0,52.0,8.0,1.6918388930000001,2.333333333
154.0,60.0,504.0,5000.0,1.0,0.2,90.0,7.0,20.0,80.0,80.0,4942.0,65.0,65.0,37.0,21.0,58.0,18.0,5.0,1.892969449,3.0
155.0,60.0,504.0,5000.0,1.0,0.2,90.0,7.0,20.0,80.0,90.0,4836.0,65.0,38.0,95.0,90.0,164.0,43.0,11.0,1.856558243,3.0
156.0,60.0,504.0,5000.0,1.0,0.2,90.0,7.0,20.0,80.0,100.0,4868.0,65.0,47.0,61.0,70.0,132.0,36.0,6.0,1.5059406169999998,3.0
157.0,60.0,504.0,5000.0,1.0,0.2,90.0,7.0,20.0,90.0,0.0,4998.0,14.0,11.0,4.0,2.0,2.0,0.0,2.0,0.7071067809999999,2.0
158.0,60.0,504.0,5000.0,1.0,0.2,90.0,7.0,20.0,90.0,80.0,5000.0,0.0,0.0,1.0,0.0,0.0,0.0,0.0,0.0,0.0
159.0,60.0,504.0,5000.0,1.0,0.2,90.0,7.0,20.0,90.0,90.0,4939.0,65.0,54.0,32.0,29.0,61.0,20.0,5.0,1.4142135619999998,2.047619048
160.0,60.0,504.0,5000.0,1.0,0.2,90.0,7.0,20.0,90.0,100.0,4998.0,20.0,5.0,3.0,2.0,2.0,2.0,2.0,0.7071067809999999,2.0
161.0,60.0,504.0,5000.0,1.0,0.2,90.0,7.0,60.0,0.0,0.0,1935.0,41.0,28.0,2244.0,1915.0,3065.0,2091.0,11.0,2.121320344,2.5
162.0,60.0,504.0,5000.0,1.0,0.2,90.0,7.0,60.0,0.0,80.0,3881.0,65.0,65.0,820.0,449.0,1119.0,705.0,11.0,2.516611478,4.666666667
163.0,60.0,504.0,5000.0,1.0,0.2,90.0,7.0,60.0,0.0,90.0,3384.0,65.0,55.0,1171.0,671.0,1616.0,1079.0,15.0,1.443526804,2.2592592590000002
164.0,60.0,504.0,5000.0,1.0,0.2,90.0,7.0,60.0,0.0,100.0,4822.0,10.0,9.0,251.0,128.0,178.0,145.0,6.0,1.45143607,2.24
165.0,60.0,504.0,5000.0,1.0,0.2,90.0,7.0,60.0,70.0,0.0,4134.0,65.0,55.0,514.0,448.0,866.0,618.0,9.0,1.642840446,2.115384615
166.0,60.0,504.0,5000.0,1.0,0.2,90.0,7.0,60.0,70.0,80.0,4796.0,34.0,23.0,175.0,101.0,204.0,111.0,9.0,1.8257418580000002,2.228571429
167.0,60.0,504.0,5000.0,1.0,0.2,90.0,7.0,60.0,70.0,90.0,4839.0,65.0,40.0,116.0,103.0,161.0,125.0,10.0,2.872281323,5.0
168.0,60.0,504.0,5000.0,1.0,0.2,90.0,7.0,60.0,70.0,100.0,4827.0,47.0,27.0,136.0,111.0,173.0,127.0,8.0,1.491761413,3.0
169.0,60.0,504.0,5000.0,1.0,0.2,90.0,7.0,60.0,80.0,0.0,4894.0,65.0,57.0,64.0,51.0,106.0,81.0,5.0,1.300887271,2.230769231
170.0,60.0,504.0,5000.0,1.0,0.2,90.0,7.0,60.0,80.0,80.0,4760.0,65.0,28.0,115.0,124.0,240.0,159.0,6.0,1.284181766,2.0
171.0,60.0,504.0,5000.0,1.0,0.2,90.0,7.0,60.0,80.0,90.0,4983.0,28.0,10.0,12.0,7.0,17.0,11.0,3.0,0.899735411,2.166666667
172.0,60.0,504.0,5000.0,1.0,0.2,90.0,7.0,60.0,80.0,100.0,4831.0,65.0,26.0,105.0,104.0,169.0,118.0,8.0,1.39126334,2.084507042
173.0,60.0,504.0,5000.0,1.0,0.2,90.0,7.0,60.0,90.0,0.0,4999.0,17.0,17.0,4.0,2.0,1.0,2.0,1.0,0.0,1.0
174.0,60.0,504.0,5000.0,1.0,0.2,90.0,7.0,60.0,90.0,80.0,4997.0,9.0,9.0,4.0,0.0,3.0,1.0,1.0,0.0,1.0
175.0,60.0,504.0,5000.0,1.0,0.2,90.0,7.0,60.0,90.0,90.0,5000.0,0.0,0.0,1.0,0.0,0.0,0.0,0.0,0.0,0.0
176.0,60.0,504.0,5000.0,1.0,0.2,90.0,7.0,60.0,90.0,100.0,4999.0,6.0,0.0,1.0,0.0,1.0,1.0,1.0,0.0,1.0
177.0,60.0,504.0,5000.0,1.0,0.2,90.0,7.0,100.0,0.0,0.0,1941.0,46.0,35.0,1961.0,1887.0,3059.0,2786.0,13.0,1.597790368,2.206896552
178.0,60.0,504.0,5000.0,1.0,0.2,90.0,7.0,100.0,0.0,80.0,3566.0,62.0,41.0,901.0,846.0,1434.0,1351.0,9.0,1.601222666,2.1044776119999997
179.0,60.0,504.0,5000.0,1.0,0.2,90.0,7.0,100.0,0.0,90.0,4806.0,10.0,8.0,270.0,142.0,194.0,192.0,8.0,1.243994735,1.987951807
180.0,60.0,504.0,5000.0,1.0,0.2,90.0,7.0,100.0,0.0,100.0,5000.0,0.0,0.0,1.0,0.0,0.0,0.0,0.0,0.0,0.0
181.0,60.0,504.0,5000.0,1.0,0.2,90.0,7.0,100.0,70.0,0.0,4295.0,65.0,56.0,439.0,309.0,705.0,672.0,9.0,1.8856180830000002,2.285714286
182.0,60.0,504.0,5000.0,1.0,0.2,90.0,7.0,100.0,70.0,80.0,4805.0,41.0,27.0,163.0,119.0,195.0,159.0,7.0,1.5118578919999999,2.066666667
183.0,60.0,504.0,5000.0,1.0,0.2,90.0,7.0,100.0,70.0,90.0,4820.0,48.0,24.0,148.0,103.0,180.0,156.0,6.0,1.512048386,2.235294118
184.0,60.0,504.0,5000.0,1.0,0.2,90.0,7.0,100.0,70.0,100.0,4844.0,39.0,21.0,148.0,123.0,156.0,154.0,6.0,1.29614814,2.142857143
185.0,60.0,504.0,5000.0,1.0,0.2,90.0,7.0,100.0,80.0,0.0,5000.0,0.0,0.0,1.0,0.0,0.0,0.0,0.0,0.0,0.0
186.0,60.0,504.0,5000.0,1.0,0.2,90.0,7.0,100.0,80.0,80.0,5000.0,0.0,0.0,1.0,0.0,0.0,0.0,0.0,0.0,0.0
187.0,60.0,504.0,5000.0,1.0,0.2,90.0,7.0,100.0,80.0,90.0,4883.0,55.0,34.0,73.0,57.0,117.0,100.0,8.0,1.732050808,2.555555556
188.0,60.0,504.0,5000.0,1.0,0.2,90.0,7.0,100.0,80.0,100.0,4851.0,35.0,24.0,147.0,114.0,149.0,166.0,6.0,1.4142135619999998,2.5
189.0,60.0,504.0,5000.0,1.0,0.2,90.0,7.0,100.0,90.0,0.0,4996.0,4.0,2.0,4.0,1.0,4.0,2.0,3.0,0.7071067809999999,3.0
190.0,60.0,504.0,5000.0,1.0,0.2,90.0,7.0,100.0,90.0,80.0,4982.0,44.0,18.0,17.0,15.0,18.0,22.0,6.0,2.081665999,2.666666667
191.0,60.0,504.0,5000.0,1.0,0.2,90.0,7.0,100.0,90.0,90.0,5000.0,0.0,0.0,1.0,0.0,0.0,0.0,0.0,0.0,0.0
192.0,60.0,504.0,5000.0,1.0,0.2,90.0,7.0,100.0,90.0,100.0,4988.0,54.0,43.0,8.0,9.0,12.0,11.0,3.0,1.4142135619999998,3.0
193.0,100.0,504.0,5000.0,1.0,0.2,90.0,1.0,0.0,0.0,0.0,1975.0,34.0,26.0,2663.0,1973.0,3025.0,0.0,11.0,1.656427445,2.146341463
194.0,100.0,504.0,5000.0,1.0,0.2,90.0,1.0,0.0,0.0,80.0,2638.0,65.0,56.0,1900.0,1066.0,2362.0,0.0,12.0,1.491965419,3.0
195.0,100.0,504.0,5000.0,1.0,0.2,90.0,1.0,0.0,0.0,90.0,4035.0,65.0,32.0,646.0,540.0,965.0,0.0,9.0,1.5389446740000001,2.195402299
196.0,100.0,504.0,5000.0,1.0,0.2,90.0,1.0,0.0,0.0,100.0,4828.0,8.0,6.0,253.0,132.0,172.0,0.0,12.0,2.069874944,2.484848485
197.0,100.0,504.0,5000.0,1.0,0.2,90.0,1.0,0.0,70.0,0.0,3626.0,65.0,58.0,913.0,657.0,1374.0,0.0,9.0,1.510227856,3.5
198.0,100.0,504.0,5000.0,1.0,0.2,90.0,1.0,0.0,70.0,80.0,4505.0,65.0,56.0,290.0,224.0,495.0,0.0,10.0,1.5354664009999999,2.1318681319999997
199.0,100.0,504.0,5000.0,1.0,0.2,90.0,1.0,0.0,70.0,90.0,4801.0,22.0,16.0,233.0,130.0,199.0,0.0,6.0,1.272418021,2.4285714290000002
200.0,100.0,504.0,5000.0,1.0,0.2,90.0,1.0,0.0,70.0,100.0,4820.0,38.0,16.0,184.0,114.0,180.0,0.0,7.0,1.5118578919999999,2.4285714290000002
201.0,100.0,504.0,5000.0,1.0,0.2,90.0,1.0,0.0,80.0,0.0,4337.0,65.0,64.0,469.0,291.0,663.0,0.0,9.0,1.4818344490000002,2.333333333
202.0,100.0,504.0,5000.0,1.0,0.2,90.0,1.0,0.0,80.0,80.0,4813.0,63.0,34.0,136.0,131.0,187.0,0.0,9.0,1.735086832,2.2
203.0,100.0,504.0,5000.0,1.0,0.2,90.0,1.0,0.0,80.0,90.0,4656.0,65.0,35.0,163.0,145.0,344.0,0.0,6.0,1.5,3.0
204.0,100.0,504.0,5000.0,1.0,0.2,90.0,1.0,0.0,80.0,100.0,4809.0,65.0,26.0,109.0,103.0,191.0,0.0,6.0,1.285747585,3.0
205.0,100.0,504.0,5000.0,1.0,0.2,90.0,1.0,0.0,90.0,0.0,5000.0,0.0,0.0,1.0,0.0,0.0,0.0,0.0,0.0,0.0
206.0,100.0,504.0,5000.0,1.0,0.2,90.0,1.0,0.0,90.0,80.0,4894.0,65.0,63.0,91.0,44.0,106.0,0.0,5.0,1.279776137,2.106060606
207.0,100.0,504.0,5000.0,1.0,0.2,90.0,1.0,0.0,90.0,90.0,5000.0,0.0,0.0,1.0,0.0,0.0,0.0,0.0,0.0,0.0
208.0,100.0,504.0,5000.0,1.0,0.2,90.0,1.0,0.0,90.0,100.0,4972.0,61.0,34.0,20.0,18.0,28.0,0.0,7.0,1.966384161,2.666666667
209.0,100.0,504.0,5000.0,1.0,0.2,90.0,1.0,20.0,0.0,0.0,1941.0,42.0,32.0,2325.0,1935.0,3059.0,3779.0,11.0,1.761409692,2.9
210.0,100.0,504.0,5000.0,1.0,0.2,90.0,1.0,20.0,0.0,80.0,3762.0,65.0,20.0,868.0,691.0,1238.0,1630.0,11.0,1.6546575890000002,2.2592592590000002
211.0,100.0,504.0,5000.0,1.0,0.2,90.0,1.0,20.0,0.0,90.0,4824.0,11.0,9.0,247.0,127.0,176.0,238.0,10.0,1.654004047,2.090909091
212.0,100.0,504.0,5000.0,1.0,0.2,90.0,1.0,20.0,0.0,100.0,4792.0,9.0,8.0,299.0,162.0,208.0,280.0,7.0,1.238237588,1.905405405
213.0,100.0,504.0,5000.0,1.0,0.2,90.0,1.0,20.0,70.0,0.0,4670.0,65.0,55.0,190.0,170.0,330.0,474.0,10.0,1.477097892,2.166666667
214.0,100.0,504.0,5000.0,1.0,0.2,90.0,1.0,20.0,70.0,80.0,4999.0,2.0,2.0,2.0,0.0,1.0,1.0,1.0,0.0,1.0
215.0,100.0,504.0,5000.0,1.0,0.2,90.0,1.0,20.0,70.0,90.0,5000.0,0.0,0.0,1.0,0.0,0.0,0.0,0.0,0.0,0.0
216.0,100.0,504.0,5000.0,1.0,0.2,90.0,1.0,20.0,70.0,100.0,4804.0,37.0,19.0,167.0,104.0,196.0,212.0,7.0,1.595131482,2.058823529
217.0,100.0,504.0,5000.0,1.0,0.2,90.0,1.0,20.0,80.0,0.0,4938.0,58.0,16.0,31.0,25.0,62.0,69.0,6.0,1.6683325009999999,3.0
218.0,100.0,504.0,5000.0,1.0,0.2,90.0,1.0,20.0,80.0,80.0,4881.0,49.0,29.0,76.0,56.0,119.0,139.0,5.0,1.3944333780000002,2.222222222
219.0,100.0,504.0,5000.0,1.0,0.2,90.0,1.0,20.0,80.0,90.0,4895.0,51.0,22.0,71.0,58.0,105.0,123.0,7.0,2.0701966780000003,2.75
220.0,100.0,504.0,5000.0,1.0,0.2,90.0,1.0,20.0,80.0,100.0,4939.0,55.0,14.0,38.0,44.0,61.0,90.0,6.0,1.276302225,2.0
221.0,100.0,504.0,5000.0,1.0,0.2,90.0,1.0,20.0,90.0,0.0,5000.0,0.0,0.0,1.0,0.0,0.0,1.0,0.0,0.0,0.0
222.0,100.0,504.0,5000.0,1.0,0.2,90.0,1.0,20.0,90.0,80.0,4979.0,28.0,19.0,17.0,9.0,21.0,23.0,5.0,1.7888543819999998,3.333333333
223.0,100.0,504.0,5000.0,1.0,0.2,90.0,1.0,20.0,90.0,90.0,4996.0,4.0,2.0,5.0,2.0,4.0,5.0,3.0,1.4142135619999998,3.0
224.0,100.0,504.0,5000.0,1.0,0.2,90.0,1.0,20.0,90.0,100.0,5000.0,0.0,0.0,1.0,0.0,0.0,1.0,0.0,0.0,0.0
225.0,100.0,504.0,5000.0,1.0,0.2,90.0,1.0,60.0,0.0,0.0,2033.0,39.0,23.0,2545.0,1934.0,2967.0,4443.0,9.0,1.2475134190000001,2.111111111
226.0,100.0,504.0,5000.0,1.0,0.2,90.0,1.0,60.0,0.0,80.0,4798.0,12.0,6.0,264.0,122.0,202.0,286.0,7.0,1.322954461,1.954545455
227.0,100.0,504.0,5000.0,1.0,0.2,90.0,1.0,60.0,0.0,90.0,4811.0,11.0,9.0,271.0,129.0,189.0,285.0,8.0,1.3798276969999999,3.0
228.0,100.0,504.0,5000.0,1.0,0.2,90.0,1.0,60.0,0.0,100.0,4794.0,11.0,10.0,239.0,125.0,206.0,284.0,8.0,1.646430826,1.966666667
229.0,100.0,504.0,5000.0,1.0,0.2,90.0,1.0,60.0,70.0,0.0,5000.0,0.0,0.0,1.0,0.0,0.0,0.0,0.0,0.0,0.0
230.0,100.0,504.0,5000.0,1.0,0.2,90.0,1.0,60.0,70.0,80.0,4998.0,2.0,2.0,3.0,0.0,2.0,3.0,1.0,0.0,1.0
231.0,100.0,504.0,5000.0,1.0,0.2,90.0,1.0,60.0,70.0,90.0,5000.0,0.0,0.0,1.0,0.0,0.0,1.0,0.0,0.0,0.0
232.0,100.0,504.0,5000.0,1.0,0.2,90.0,1.0,60.0,70.0,100.0,4957.0,10.0,9.0,52.0,27.0,43.0,61.0,6.0,1.450715397,2.111111111
233.0,100.0,504.0,5000.0,1.0,0.2,90.0,1.0,60.0,80.0,0.0,5000.0,0.0,0.0,1.0,0.0,0.0,1.0,0.0,0.0,0.0
234.0,100.0,504.0,5000.0,1.0,0.2,90.0,1.0,60.0,80.0,80.0,4993.0,10.0,10.0,10.0,5.0,7.0,12.0,2.0,0.577350269,2.0
235.0,100.0,504.0,5000.0,1.0,0.2,90.0,1.0,60.0,80.0,90.0,4991.0,6.0,5.0,12.0,3.0,9.0,12.0,3.0,1.4142135619999998,3.0
236.0,100.0,504.0,5000.0,1.0,0.2,90.0,1.0,60.0,80.0,100.0,5000.0,0.0,0.0,1.0,0.0,0.0,1.0,0.0,0.0,0.0
237.0,100.0,504.0,5000.0,1.0,0.2,90.0,1.0,60.0,90.0,0.0,5000.0,0.0,0.0,1.0,0.0,0.0,1.0,0.0,0.0,0.0
238.0,100.0,504.0,5000.0,1.0,0.2,90.0,1.0,60.0,90.0,80.0,5000.0,0.0,0.0,1.0,0.0,0.0,0.0,0.0,0.0,0.0
239.0,100.0,504.0,5000.0,1.0,0.2,90.0,1.0,60.0,90.0,90.0,5000.0,0.0,0.0,1.0,1.0,0.0,1.0,0.0,0.0,0.0
240.0,100.0,504.0,5000.0,1.0,0.2,90.0,1.0,60.0,90.0,100.0,5000.0,0.0,0.0,1.0,0.0,0.0,1.0,0.0,0.0,0.0
241.0,100.0,504.0,5000.0,1.0,0.2,90.0,1.0,100.0,0.0,0.0,5000.0,0.0,0.0,1.0,0.0,0.0,1.0,0.0,0.0,0.0
242.0,100.0,504.0,5000.0,1.0,0.2,90.0,1.0,100.0,0.0,80.0,4808.0,8.0,6.0,274.0,116.0,192.0,287.0,7.0,1.183045893,1.886363636
243.0,100.0,504.0,5000.0,1.0,0.2,90.0,1.0,100.0,0.0,90.0,4831.0,19.0,11.0,167.0,91.0,169.0,242.0,7.0,1.286429928,1.871428571
244.0,100.0,504.0,5000.0,1.0,0.2,90.0,1.0,100.0,0.0,100.0,4784.0,11.0,10.0,278.0,120.0,216.0,317.0,7.0,1.281102074,1.970588235
245.0,100.0,504.0,5000.0,1.0,0.2,90.0,1.0,100.0,70.0,0.0,4985.0,7.0,4.0,22.0,11.0,15.0,26.0,3.0,0.866025404,1.8181818180000002
246.0,100.0,504.0,5000.0,1.0,0.2,90.0,1.0,100.0,70.0,80.0,4993.0,6.0,6.0,14.0,7.0,7.0,15.0,4.0,1.133893419,1.625
247.0,100.0,504.0,5000.0,1.0,0.2,90.0,1.0,100.0,70.0,90.0,4998.0,2.0,2.0,4.0,1.0,2.0,4.0,1.0,0.0,1.0
248.0,100.0,504.0,5000.0,1.0,0.2,90.0,1.0,100.0,70.0,100.0,4993.0,5.0,5.0,13.0,7.0,7.0,14.0,6.0,2.886751346,2.666666667
249.0,100.0,504.0,5000.0,1.0,0.2,90.0,1.0,100.0,80.0,0.0,4999.0,1.0,1.0,2.0,0.0,1.0,2.0,1.0,0.0,1.0
250.0,100.0,504.0,5000.0,1.0,0.2,90.0,1.0,100.0,80.0,80.0,5000.0,1.0,1.0,2.0,1.0,0.0,2.0,1.0,0.0,1.0
251.0,100.0,504.0,5000.0,1.0,0.2,90.0,1.0,100.0,80.0,90.0,4999.0,1.0,1.0,2.0,0.0,1.0,2.0,1.0,0.0,1.0
252.0,100.0,504.0,5000.0,1.0,0.2,90.0,1.0,100.0,80.0,100.0,5000.0,0.0,0.0,1.0,0.0,0.0,1.0,0.0,0.0,0.0
253.0,100.0,504.0,5000.0,1.0,0.2,90.0,1.0,100.0,90.0,0.0,4996.0,1.0,1.0,6.0,1.0,4.0,5.0,2.0,0.577350269,1.333333333
254.0,100.0,504.0,5000.0,1.0,0.2,90.0,1.0,100.0,90.0,80.0,5000.0,0.0,0.0,1.0,0.0,0.0,1.0,0.0,0.0,0.0
255.0,100.0,504.0,5000.0,1.0,0.2,90.0,1.0,100.0,90.0,90.0,5000.0,0.0,0.0,1.0,0.0,0.0,1.0,0.0,0.0,0.0
256.0,100.0,504.0,5000.0,1.0,0.2,90.0,1.0,100.0,90.0,100.0,4997.0,2.0,2.0,4.0,0.0,3.0,4.0,2.0,0.7071067809999999,1.5
257.0,100.0,504.0,5000.0,1.0,0.2,90.0,3.0,0.0,0.0,0.0,1918.0,41.0,32.0,2028.0,1894.0,3082.0,0.0,12.0,1.6138139930000002,2.375
258.0,100.0,504.0,5000.0,1.0,0.2,90.0,3.0,0.0,0.0,80.0,2101.0,63.0,37.0,1927.0,1734.0,2899.0,0.0,13.0,1.572967515,2.132911392
259.0,100.0,504.0,5000.0,1.0,0.2,90.0,3.0,0.0,0.0,90.0,2928.0,65.0,54.0,1165.0,1072.0,2072.0,0.0,9.0,1.3913072640000002,2.057441253
260.0,100.0,504.0,5000.0,1.0,0.2,90.0,3.0,0.0,0.0,100.0,4808.0,10.0,9.0,248.0,123.0,192.0,0.0,11.0,1.914854216,2.5
261.0,100.0,504.0,5000.0,1.0,0.2,90.0,3.0,0.0,70.0,0.0,3447.0,65.0,63.0,1205.0,674.0,1553.0,0.0,12.0,1.335497835,2.222222222
262.0,100.0,504.0,5000.0,1.0,0.2,90.0,3.0,0.0,70.0,80.0,4559.0,65.0,29.0,301.0,242.0,441.0,0.0,9.0,1.41590544,2.056603774
263.0,100.0,504.0,5000.0,1.0,0.2,90.0,3.0,0.0,70.0,90.0,4828.0,29.0,15.0,155.0,101.0,172.0,0.0,6.0,1.283377896,2.0
264.0,100.0,504.0,5000.0,1.0,0.2,90.0,3.0,0.0,70.0,100.0,4810.0,31.0,22.0,197.0,156.0,190.0,0.0,7.0,1.222799287,2.2
265.0,100.0,504.0,5000.0,1.0,0.2,90.0,3.0,0.0,80.0,0.0,4382.0,65.0,65.0,421.0,305.0,618.0,0.0,7.0,1.446096459,2.243902439
266.0,100.0,504.0,5000.0,1.0,0.2,90.0,3.0,0.0,80.0,80.0,4830.0,57.0,37.0,102.0,106.0,170.0,0.0,6.0,2.167948339,3.0
267.0,100.0,504.0,5000.0,1.0,0.2,90.0,3.0,0.0,80.0,90.0,4650.0,65.0,38.0,241.0,207.0,350.0,0.0,12.0,1.99569429,2.151515152
268.0,100.0,504.0,5000.0,1.0,0.2,90.0,3.0,0.0,80.0,100.0,4811.0,63.0,30.0,98.0,101.0,189.0,0.0,6.0,1.85933936,5.0
269.0,100.0,504.0,5000.0,1.0,0.2,90.0,3.0,0.0,90.0,0.0,4988.0,65.0,65.0,13.0,7.0,12.0,0.0,5.0,1.301708279,2.333333333
270.0,100.0,504.0,5000.0,1.0,0.2,90.0,3.0,0.0,90.0,80.0,4941.0,65.0,60.0,35.0,35.0,59.0,0.0,6.0,2.309401077,4.0
271.0,100.0,504.0,5000.0,1.0,0.2,90.0,3.0,0.0,90.0,90.0,5000.0,0.0,0.0,1.0,0.0,0.0,0.0,0.0,0.0,0.0
272.0,100.0,504.0,5000.0,1.0,0.2,90.0,3.0,0.0,90.0,100.0,4966.0,65.0,64.0,22.0,17.0,34.0,0.0,4.0,1.527525232,3.0
273.0,100.0,504.0,5000.0,1.0,0.2,90.0,3.0,20.0,0.0,0.0,2006.0,33.0,26.0,2610.0,2004.0,2994.0,2252.0,12.0,1.466009554,2.070657507
274.0,100.0,504.0,5000.0,1.0,0.2,90.0,3.0,20.0,0.0,80.0,2229.0,59.0,34.0,1770.0,1582.0,2771.0,1975.0,14.0,1.631780485,2.222222222
275.0,100.0,504.0,5000.0,1.0,0.2,90.0,3.0,20.0,0.0,90.0,4593.0,57.0,6.0,313.0,254.0,407.0,303.0,8.0,1.73931746,2.325
276.0,100.0,504.0,5000.0,1.0,0.2,90.0,3.0,20.0,0.0,100.0,4809.0,10.0,8.0,256.0,121.0,191.0,137.0,8.0,1.3663424309999999,2.118110236
277.0,100.0,504.0,5000.0,1.0,0.2,90.0,3.0,20.0,70.0,0.0,4210.0,65.0,65.0,513.0,325.0,790.0,513.0,7.0,1.280811798,2.017142857
278.0,100.0,504.0,5000.0,1.0,0.2,90.0,3.0,20.0,70.0,80.0,5000.0,0.0,0.0,1.0,0.0,0.0,0.0,0.0,0.0,0.0
279.0,100.0,504.0,5000.0,1.0,0.2,90.0,3.0,20.0,70.0,90.0,4812.0,35.0,14.0,138.0,115.0,188.0,133.0,7.0,1.445524831,2.2
280.0,100.0,504.0,5000.0,1.0,0.2,90.0,3.0,20.0,70.0,100.0,4830.0,34.0,19.0,176.0,122.0,170.0,120.0,8.0,1.340455634,2.0
281.0,100.0,504.0,5000.0,1.0,0.2,90.0,3.0,20.0,80.0,0.0,4997.0,5.0,5.0,4.0,0.0,3.0,2.0,1.0,0.0,1.0
282.0,100.0,504.0,5000.0,1.0,0.2,90.0,3.0,20.0,80.0,80.0,4830.0,65.0,34.0,118.0,102.0,170.0,114.0,6.0,1.250454463,2.333333333
283.0,100.0,504.0,5000.0,1.0,0.2,90.0,3.0,20.0,80.0,90.0,4837.0,61.0,31.0,75.0,71.0,163.0,92.0,7.0,1.474135992,1.943396226
284.0,100.0,504.0,5000.0,1.0,0.2,90.0,3.0,20.0,80.0,100.0,4842.0,65.0,36.0,97.0,102.0,158.0,115.0,6.0,1.4142135619999998,2.12
285.0,100.0,504.0,5000.0,1.0,0.2,90.0,3.0,20.0,90.0,0.0,4997.0,29.0,17.0,3.0,1.0,3.0,3.0,3.0,1.4142135619999998,3.0
286.0,100.0,504.0,5000.0,1.0,0.2,90.0,3.0,20.0,90.0,80.0,4972.0,65.0,62.0,36.0,19.0,28.0,30.0,5.0,1.7182493859999999,2.5714285709999998
287.0,100.0,504.0,5000.0,1.0,0.2,90.0,3.0,20.0,90.0,90.0,4998.0,8.0,8.0,3.0,0.0,2.0,2.0,1.0,0.0,1.0
288.0,100.0,504.0,5000.0,1.0,0.2,90.0,3.0,20.0,90.0,100.0,4979.0,63.0,15.0,17.0,17.0,21.0,16.0,5.0,1.4142135619999998,2.222222222
289.0,100.0,504.0,5000.0,1.0,0.2,90.0,3.0,60.0,0.0,0.0,1902.0,39.0,32.0,2501.0,1891.0,3098.0,3638.0,10.0,1.436220111,2.057318321
290.0,100.0,504.0,5000.0,1.0,0.2,90.0,3.0,60.0,0.0,80.0,3723.0,65.0,21.0,719.0,706.0,1277.0,1568.0,11.0,1.6498720930000002,2.0714285709999998
291.0,100.0,504.0,5000.0,1.0,0.2,90.0,3.0,60.0,0.0,90.0,4800.0,13.0,6.0,262.0,117.0,200.0,217.0,10.0,1.66936354,2.272727273
292.0,100.0,504.0,5000.0,1.0,0.2,90.0,3.0,60.0,0.0,100.0,4808.0,9.0,7.0,262.0,120.0,192.0,225.0,7.0,1.606115763,2.1818181819999998
293.0,100.0,504.0,5000.0,1.0,0.2,90.0,3.0,60.0,70.0,0.0,4247.0,65.0,50.0,435.0,359.0,753.0,948.0,8.0,1.424470591,2.184615385
294.0,100.0,504.0,5000.0,1.0,0.2,90.0,3.0,60.0,70.0,80.0,4811.0,21.0,14.0,194.0,119.0,189.0,215.0,6.0,1.194920521,1.98019802
295.0,100.0,504.0,5000.0,1.0,0.2,90.0,3.0,60.0,70.0,90.0,4830.0,45.0,21.0,132.0,96.0,170.0,200.0,5.0,1.169045194,2.166666667
296.0,100.0,504.0,5000.0,1.0,0.2,90.0,3.0,60.0,70.0,100.0,4831.0,63.0,28.0,100.0,84.0,169.0,171.0,10.0,1.522506884,1.945945946
297.0,100.0,504.0,5000.0,1.0,0.2,90.0,3.0,60.0,80.0,0.0,4868.0,65.0,42.0,59.0,71.0,132.0,158.0,6.0,1.445997611,2.0
298.0,100.0,504.0,5000.0,1.0,0.2,90.0,3.0,60.0,80.0,80.0,4917.0,55.0,52.0,68.0,45.0,83.0,110.0,5.0,2.121320344,2.5
299.0,100.0,504.0,5000.0,1.0,0.2,90.0,3.0,60.0,80.0,90.0,4885.0,54.0,30.0,75.0,57.0,115.0,133.0,6.0,1.4142135619999998,3.0
300.0,100.0,504.0,5000.0,1.0,0.2,90.0,3.0,60.0,80.0,100.0,4909.0,65.0,32.0,81.0,68.0,91.0,126.0,5.0,1.4142135619999998,3.0
301.0,100.0,504.0,5000.0,1.0,0.2,90.0,3.0,60.0,90.0,0.0,5000.0,0.0,0.0,1.0,0.0,0.0,1.0,0.0,0.0,0.0
302.0,100.0,504.0,5000.0,1.0,0.2,90.0,3.0,60.0,90.0,80.0,4980.0,36.0,15.0,17.0,15.0,20.0,28.0,6.0,2.0,2.285714286
303.0,100.0,504.0,5000.0,1.0,0.2,90.0,3.0,60.0,90.0,90.0,4991.0,12.0,7.0,10.0,2.0,9.0,8.0,2.0,0.7071067809999999,2.0
304.0,100.0,504.0,5000.0,1.0,0.2,90.0,3.0,60.0,90.0,100.0,4994.0,20.0,18.0,8.0,7.0,6.0,10.0,3.0,0.8944271909999999,2.0
305.0,100.0,504.0,5000.0,1.0,0.2,90.0,3.0,100.0,0.0,0.0,2032.0,41.0,29.0,2368.0,2009.0,2968.0,4025.0,15.0,2.828427125,3.0
306.0,100.0,504.0,5000.0,1.0,0.2,90.0,3.0,100.0,0.0,80.0,4822.0,10.0,8.0,242.0,117.0,178.0,245.0,5.0,1.183790752,2.12244898
307.0,100.0,504.0,5000.0,1.0,0.2,90.0,3.0,100.0,0.0,90.0,4281.0,44.0,19.0,418.0,473.0,719.0,976.0,9.0,1.4521450009999999,2.285714286
308.0,100.0,504.0,5000.0,1.0,0.2,90.0,3.0,100.0,0.0,100.0,4817.0,12.0,11.0,235.0,107.0,183.0,233.0,6.0,1.4077932880000001,2.1864406780000003
309.0,100.0,504.0,5000.0,1.0,0.2,90.0,3.0,100.0,70.0,0.0,4635.0,65.0,65.0,235.0,184.0,365.0,551.0,6.0,1.2617266040000001,2.0
310.0,100.0,504.0,5000.0,1.0,0.2,90.0,3.0,100.0,70.0,80.0,4826.0,33.0,22.0,139.0,118.0,174.0,237.0,5.0,1.212522644,2.25
311.0,100.0,504.0,5000.0,1.0,0.2,90.0,3.0,100.0,70.0,90.0,4881.0,23.0,19.0,137.0,95.0,119.0,176.0,5.0,1.2210278829999999,1.9090909090000001
312.0,100.0,504.0,5000.0,1.0,0.2,90.0,3.0,100.0,70.0,100.0,4804.0,26.0,16.0,183.0,102.0,196.0,226.0,8.0,1.864454471,2.666666667
313.0,100.0,504.0,5000.0,1.0,0.2,90.0,3.0,100.0,80.0,0.0,4997.0,14.0,12.0,7.0,4.0,3.0,7.0,1.0,0.0,1.0
314.0,100.0,504.0,5000.0,1.0,0.2,90.0,3.0,100.0,80.0,80.0,4999.0,3.0,0.0,1.0,0.0,1.0,1.0,1.0,0.0,1.0
315.0,100.0,504.0,5000.0,1.0,0.2,90.0,3.0,100.0,80.0,90.0,4947.0,34.0,15.0,56.0,40.0,53.0,76.0,6.0,1.640399065,2.5
316.0,100.0,504.0,5000.0,1.0,0.2,90.0,3.0,100.0,80.0,100.0,4918.0,42.0,9.0,61.0,31.0,82.0,104.0,6.0,1.567021236,2.3
317.0,100.0,504.0,5000.0,1.0,0.2,90.0,3.0,100.0,90.0,0.0,4995.0,16.0,16.0,7.0,4.0,5.0,10.0,2.0,0.577350269,1.6666666669999999
318.0,100.0,504.0,5000.0,1.0,0.2,90.0,3.0,100.0,90.0,80.0,4996.0,7.0,6.0,8.0,5.0,4.0,8.0,3.0,1.154700538,2.25
319.0,100.0,504.0,5000.0,1.0,0.2,90.0,3.0,100.0,90.0,90.0,5000.0,0.0,0.0,1.0,0.0,0.0,1.0,0.0,0.0,0.0
320.0,100.0,504.0,5000.0,1.0,0.2,90.0,3.0,100.0,90.0,100.0,4999.0,3.0,3.0,2.0,0.0,1.0,2.0,1.0,0.0,1.0
321.0,100.0,504.0,5000.0,1.0,0.2,90.0,7.0,0.0,0.0,0.0,1937.0,38.0,28.0,2285.0,1929.0,3063.0,0.0,11.0,1.797783675,2.27027027
322.0,100.0,504.0,5000.0,1.0,0.2,90.0,7.0,0.0,0.0,80.0,2448.0,65.0,45.0,1419.0,1500.0,2552.0,0.0,12.0,1.4458268840000001,2.06557377
323.0,100.0,504.0,5000.0,1.0,0.2,90.0,7.0,0.0,0.0,90.0,3895.0,65.0,36.0,643.0,668.0,1105.0,0.0,10.0,1.670471847,2.1087866109999998
324.0,100.0,504.0,5000.0,1.0,0.2,90.0,7.0,0.0,0.0,100.0,4833.0,25.0,7.0,229.0,118.0,167.0,0.0,8.0,1.562804703,2.5
325.0,100.0,504.0,5000.0,1.0,0.2,90.0,7.0,0.0,70.0,0.0,3955.0,65.0,65.0,759.0,492.0,1045.0,0.0,9.0,1.405127295,3.0
326.0,100.0,504.0,5000.0,1.0,0.2,90.0,7.0,0.0,70.0,80.0,4620.0,40.0,24.0,330.0,264.0,380.0,0.0,7.0,1.361924634,1.952380952
327.0,100.0,504.0,5000.0,1.0,0.2,90.0,7.0,0.0,70.0,90.0,5000.0,0.0,0.0,1.0,0.0,0.0,0.0,0.0,0.0,0.0
328.0,100.0,504.0,5000.0,1.0,0.2,90.0,7.0,0.0,70.0,100.0,4828.0,32.0,24.0,171.0,142.0,172.0,0.0,6.0,1.254241815,2.5
329.0,100.0,504.0,5000.0,1.0,0.2,90.0,7.0,0.0,80.0,0.0,4512.0,65.0,65.0,332.0,224.0,488.0,0.0,12.0,1.4527264519999998,2.0319148940000002
330.0,100.0,504.0,5000.0,1.0,0.2,90.0,7.0,0.0,80.0,80.0,4828.0,60.0,29.0,135.0,125.0,172.0,0.0,7.0,1.577621275,2.296296296
331.0,100.0,504.0,5000.0,1.0,0.2,90.0,7.0,0.0,80.0,90.0,4818.0,58.0,46.0,104.0,114.0,182.0,0.0,6.0,1.427237069,2.171428571
332.0,100.0,504.0,5000.0,1.0,0.2,90.0,7.0,0.0,80.0,100.0,4811.0,54.0,35.0,102.0,94.0,189.0,0.0,8.0,2.4013884869999997,2.285714286
333.0,100.0,504.0,5000.0,1.0,0.2,90.0,7.0,0.0,90.0,0.0,4918.0,65.0,42.0,49.0,47.0,82.0,0.0,8.0,1.816590212,2.666666667
334.0,100.0,504.0,5000.0,1.0,0.2,90.0,7.0,0.0,90.0,80.0,4855.0,65.0,45.0,79.0,69.0,145.0,0.0,7.0,1.6329931619999998,3.0
335.0,100.0,504.0,5000.0,1.0,0.2,90.0,7.0,0.0,90.0,90.0,4957.0,65.0,65.0,33.0,22.0,43.0,0.0,6.0,1.5172324480000001,2.12
336.0,100.0,504.0,5000.0,1.0,0.2,90.0,7.0,0.0,90.0,100.0,4928.0,65.0,48.0,75.0,45.0,72.0,0.0,7.0,1.4142135619999998,2.666666667
337.0,100.0,504.0,5000.0,1.0,0.2,90.0,7.0,20.0,0.0,0.0,1981.0,39.0,32.0,2371.0,1965.0,3019.0,887.0,14.0,1.70014005,2.095238095
338.0,100.0,504.0,5000.0,1.0,0.2,90.0,7.0,20.0,0.0,80.0,2204.0,63.0,48.0,1607.0,1477.0,2796.0,800.0,9.0,2.645751311,3.0
339.0,100.0,504.0,5000.0,1.0,0.2,90.0,7.0,20.0,0.0,90.0,2801.0,56.0,30.0,1266.0,1207.0,2199.0,638.0,16.0,1.5563726930000001,2.121212121
340.0,100.0,504.0,5000.0,1.0,0.2,90.0,7.0,20.0,0.0,100.0,4816.0,9.0,8.0,219.0,92.0,184.0,44.0,6.0,1.3944333780000002,1.954545455
341.0,100.0,504.0,5000.0,1.0,0.2,90.0,7.0,20.0,70.0,0.0,5000.0,1.0,1.0,2.0,0.0,0.0,0.0,1.0,0.0,1.0
342.0,100.0,504.0,5000.0,1.0,0.2,90.0,7.0,20.0,70.0,80.0,4857.0,40.0,22.0,161.0,121.0,143.0,61.0,9.0,1.589898669,2.8
343.0,100.0,504.0,5000.0,1.0,0.2,90.0,7.0,20.0,70.0,90.0,4825.0,37.0,23.0,183.0,117.0,175.0,62.0,8.0,1.3619759009999999,1.954545455
344.0,100.0,504.0,5000.0,1.0,0.2,90.0,7.0,20.0,70.0,100.0,5000.0,0.0,0.0,1.0,0.0,0.0,0.0,0.0,0.0,0.0
345.0,100.0,504.0,5000.0,1.0,0.2,90.0,7.0,20.0,80.0,0.0,4580.0,65.0,62.0,220.0,207.0,420.0,105.0,9.0,1.487377763,2.5
346.0,100.0,504.0,5000.0,1.0,0.2,90.0,7.0,20.0,80.0,80.0,4805.0,65.0,36.0,120.0,122.0,195.0,53.0,7.0,2.828427125,3.0
347.0,100.0,504.0,5000.0,1.0,0.2,90.0,7.0,20.0,80.0,90.0,4999.0,5.0,5.0,2.0,0.0,1.0,0.0,1.0,0.0,1.0
348.0,100.0,504.0,5000.0,1.0,0.2,90.0,7.0,20.0,80.0,100.0,4813.0,54.0,24.0,116.0,97.0,187.0,45.0,8.0,1.7404711330000002,2.272727273
349.0,100.0,504.0,5000.0,1.0,0.2,90.0,7.0,20.0,90.0,0.0,4957.0,65.0,60.0,42.0,21.0,43.0,13.0,5.0,1.286683938,2.166666667
350.0,100.0,504.0,5000.0,1.0,0.2,90.0,7.0,20.0,90.0,80.0,4999.0,2.0,2.0,2.0,0.0,1.0,1.0,1.0,0.0,1.0
351.0,100.0,504.0,5000.0,1.0,0.2,90.0,7.0,20.0,90.0,90.0,4994.0,26.0,20.0,6.0,3.0,6.0,0.0,3.0,1.0,2.0
352.0,100.0,504.0,5000.0,1.0,0.2,90.0,7.0,20.0,90.0,100.0,4975.0,65.0,64.0,23.0,13.0,25.0,6.0,5.0,2.309401077,3.0
353.0,100.0,504.0,5000.0,1.0,0.2,90.0,7.0,60.0,0.0,0.0,1938.0,42.0,30.0,2277.0,1916.0,3062.0,2107.0,9.0,1.641586183,2.666666667
354.0,100.0,504.0,5000.0,1.0,0.2,90.0,7.0,60.0,0.0,80.0,2306.0,65.0,47.0,1582.0,1333.0,2694.0,1787.0,12.0,2.228601953,2.833333333
355.0,100.0,504.0,5000.0,1.0,0.2,90.0,7.0,60.0,0.0,90.0,3983.0,59.0,18.0,560.0,586.0,1017.0,705.0,11.0,1.59380886,2.028846154
356.0,100.0,504.0,5000.0,1.0,0.2,90.0,7.0,60.0,0.0,100.0,4807.0,11.0,9.0,250.0,115.0,193.0,122.0,10.0,1.592105064,2.113207547
357.0,100.0,504.0,5000.0,1.0,0.2,90.0,7.0,60.0,70.0,0.0,3420.0,65.0,65.0,997.0,720.0,1580.0,1070.0,8.0,1.5817376330000001,2.242424242
358.0,100.0,504.0,5000.0,1.0,0.2,90.0,7.0,60.0,70.0,80.0,4503.0,65.0,37.0,257.0,249.0,497.0,335.0,7.0,1.366646084,2.129411765
359.0,100.0,504.0,5000.0,1.0,0.2,90.0,7.0,60.0,70.0,90.0,4802.0,33.0,23.0,166.0,135.0,198.0,149.0,7.0,1.483239697,2.1875
360.0,100.0,504.0,5000.0,1.0,0.2,90.0,7.0,60.0,70.0,100.0,4795.0,39.0,20.0,189.0,131.0,205.0,142.0,9.0,2.429971585,2.714285714
361.0,100.0,504.0,5000.0,1.0,0.2,90.0,7.0,60.0,80.0,0.0,4733.0,65.0,62.0,227.0,105.0,267.0,159.0,6.0,2.5,2.25
362.0,100.0,504.0,5000.0,1.0,0.2,90.0,7.0,60.0,80.0,80.0,4703.0,65.0,29.0,160.0,179.0,297.0,244.0,6.0,1.143987045,2.0
363.0,100.0,504.0,5000.0,1.0,0.2,90.0,7.0,60.0,80.0,90.0,4852.0,61.0,46.0,116.0,95.0,148.0,109.0,6.0,1.7333000330000001,2.722222222
364.0,100.0,504.0,5000.0,1.0,0.2,90.0,7.0,60.0,80.0,100.0,4836.0,65.0,38.0,99.0,100.0,164.0,130.0,5.0,1.014185106,1.9333333330000002
365.0,100.0,504.0,5000.0,1.0,0.2,90.0,7.0,60.0,90.0,0.0,4952.0,65.0,38.0,37.0,33.0,48.0,41.0,5.0,1.303840481,3.0
366.0,100.0,504.0,5000.0,1.0,0.2,90.0,7.0,60.0,90.0,80.0,4947.0,64.0,54.0,24.0,23.0,53.0,28.0,7.0,1.513555309,2.0
367.0,100.0,504.0,5000.0,1.0,0.2,90.0,7.0,60.0,90.0,90.0,4932.0,65.0,22.0,46.0,43.0,68.0,52.0,5.0,1.303840481,2.0
368.0,100.0,504.0,5000.0,1.0,0.2,90.0,7.0,60.0,90.0,100.0,5000.0,0.0,0.0,1.0,0.0,0.0,0.0,0.0,0.0,0.0
369.0,100.0,504.0,5000.0,1.0,0.2,90.0,7.0,100.0,0.0,0.0,2026.0,43.0,33.0,2290.0,1988.0,2974.0,2858.0,14.0,2.0,3.0
370.0,100.0,504.0,5000.0,1.0,0.2,90.0,7.0,100.0,0.0,80.0,2624.0,65.0,49.0,1502.0,1196.0,2376.0,2364.0,11.0,1.602081979,2.0645161290000003
371.0,100.0,504.0,5000.0,1.0,0.2,90.0,7.0,100.0,0.0,90.0,4634.0,30.0,27.0,284.0,208.0,366.0,330.0,8.0,1.6654184269999999,2.636363636
372.0,100.0,504.0,5000.0,1.0,0.2,90.0,7.0,100.0,0.0,100.0,4793.0,11.0,8.0,269.0,131.0,207.0,194.0,8.0,1.408250583,2.129032258
373.0,100.0,504.0,5000.0,1.0,0.2,90.0,7.0,100.0,70.0,0.0,4021.0,65.0,65.0,602.0,507.0,979.0,934.0,9.0,1.714206135,2.8
374.0,100.0,504.0,5000.0,1.0,0.2,90.0,7.0,100.0,70.0,80.0,4800.0,42.0,31.0,127.0,104.0,200.0,161.0,5.0,1.489356176,2.272727273
375.0,100.0,504.0,5000.0,1.0,0.2,90.0,7.0,100.0,70.0,90.0,4821.0,34.0,24.0,196.0,143.0,179.0,192.0,6.0,1.57958029,2.75
376.0,100.0,504.0,5000.0,1.0,0.2,90.0,7.0,100.0,70.0,100.0,4809.0,30.0,17.0,183.0,109.0,191.0,171.0,10.0,1.603567451,2.333333333
377.0,100.0,504.0,5000.0,1.0,0.2,90.0,7.0,100.0,80.0,0.0,4786.0,65.0,53.0,161.0,97.0,214.0,214.0,5.0,1.516575089,2.6
378.0,100.0,504.0,5000.0,1.0,0.2,90.0,7.0,100.0,80.0,80.0,4860.0,51.0,20.0,127.0,105.0,140.0,139.0,6.0,1.322875656,3.0
379.0,100.0,504.0,5000.0,1.0,0.2,90.0,7.0,100.0,80.0,90.0,4890.0,55.0,22.0,99.0,87.0,110.0,131.0,7.0,1.597989809,2.666666667
380.0,100.0,504.0,5000.0,1.0,0.2,90.0,7.0,100.0,80.0,100.0,4837.0,63.0,29.0,118.0,121.0,163.0,170.0,6.0,1.373746515,2.055555556
381.0,100.0,504.0,5000.0,1.0,0.2,90.0,7.0,100.0,90.0,0.0,5000.0,4.0,4.0,2.0,1.0,0.0,2.0,1.0,0.0,1.0
382.0,100.0,504.0,5000.0,1.0,0.2,90.0,7.0,100.0,90.0,80.0,5000.0,0.0,0.0,1.0,0.0,0.0,0.0,0.0,0.0,0.0
383.0,100.0,504.0,5000.0,1.0,0.2,90.0,7.0,100.0,90.0,90.0,4980.0,52.0,40.0,16.0,15.0,20.0,20.0,4.0,1.527525232,2.5
384.0,100.0,504.0,5000.0,1.0,0.2,90.0,7.0,100.0,90.0,100.0,4988.0,30.0,25.0,12.0,9.0,12.0,14.0,4.0,1.527525232,2.666666667
