day,index,count turtles,count turtles with [infected? = False],count turtles with [infected? = True],count turtles with [recovered? = True],count turtles-on patches with [quarantine? = True],mean-infected-count,variance-infected-count,max-infected-count,run number,initial-infected,average-vulnerability,average-death-rate,health-capacity,male-fraction,initial-population,testing-accuracy,average-recovery-rate,elder-fraction,average-recovery-time,asymptomatic-fraction,infected-movement?,social-distancing-intensity,mass-testing-intensity,quarantine-delay,contact-tracing?,contact-tracing-delay,lockdown-intensity
0,0,5000.0,4999.0,1.0,0.0,0.0,0.0,0.0,0.0,1,1,100,0.02,25,0,5000,100,90,0,504,20,true,0,0,0,false,0,0
1,24,5000.0,4993.0,7.0,0.0,0.0,1.5,0.5773502691896257,2.0,1,1,100,0.02,25,0,5000,100,90,0,504,20,true,0,0,0,false,0,0
2,48,5000.0,4981.0,19.0,0.0,0.0,2.25,1.3887301496588271,5.0,1,1,100,0.02,25,0,5000,100,90,0,504,20,true,0,0,0,false,0,0
3,72,5000.0,4963.0,37.0,0.0,0.0,2.0,1.3719886811400708,6.0,1,1,100,0.02,25,0,5000,100,90,0,504,20,true,0,0,0,false,0,0
4,96,4998.0,4951.0,47.0,0.0,0.0,2.0454545454545454,1.5576928215816257,7.0,1,1,100,0.02,25,0,5000,100,90,0,504,20,true,0,0,0,false,0,0
5,120,4998.0,4928.0,70.0,0.0,0.0,2.0,1.687745492805372,8.0,1,1,100,0.02,25,0,5000,100,90,0,504,20,true,0,0,0,false,0,0
6,144,4998.0,4905.0,93.0,0.0,0.0,2.0222222222222217,1.6987815003285696,9.0,1,1,100,0.02,25,0,5000,100,90,0,504,20,true,0,0,0,false,0,0
7,168,4997.0,4876.0,121.0,1.0,0.0,1.8333333333333333,1.6969051769286292,11.0,1,1,100,0.02,25,0,5000,100,90,0,504,20,true,0,0,0,false,0,0
8,192,4996.0,4839.0,157.0,2.0,0.0,1.9875,1.7965772661975108,11.0,1,1,100,0.02,25,0,5000,100,90,0,504,20,true,0,0,0,false,0,0
9,216,4994.0,4795.0,199.0,2.0,0.0,2.02,1.729015601287319,11.0,1,1,100,0.02,25,0,5000,100,90,0,504,20,true,0,0,0,false,0,0
10,240,4994.0,4749.0,245.0,3.0,0.0,2.057851239669421,1.7092762633210037,11.0,1,1,100,0.02,25,0,5000,100,90,0,504,20,true,0,0,0,false,0,0
11,264,4992.0,4689.0,303.0,4.0,0.0,2.0805369127516777,1.7026084063731666,11.0,1,1,100,0.02,25,0,5000,100,90,0,504,20,true,0,0,0,false,0,0
12,288,4990.0,4623.0,367.0,6.0,0.0,2.094444444444445,1.6568706527743289,11.0,1,1,100,0.02,25,0,5000,100,90,0,504,20,true,0,0,0,false,0,0
13,312,4987.0,4546.0,441.0,8.0,0.0,2.092165898617512,1.6613201494645482,11.0,1,1,100,0.02,25,0,5000,100,90,0,504,20,true,0,0,0,false,0,0
14,336,4986.0,4486.0,500.0,8.0,0.0,2.097959183673469,1.698177638943926,11.0,1,1,100,0.02,25,0,5000,100,90,0,504,20,true,0,0,0,false,0,0
15,360,4984.0,4412.0,572.0,9.0,0.0,2.1035714285714286,1.7080836991187178,11.0,1,1,100,0.02,25,0,5000,100,90,0,504,20,true,0,0,0,false,0,0
16,384,4983.0,4332.0,651.0,15.0,0.0,2.1159874608150466,1.7162820573761195,11.0,1,1,100,0.02,25,0,5000,100,90,0,504,20,true,0,0,0,false,0,0
17,408,4978.0,4238.0,740.0,17.0,0.0,2.0928961748633883,1.7096354895120276,11.0,1,1,100,0.02,25,0,5000,100,90,0,504,20,true,0,0,0,false,0,0
18,432,4977.0,4124.0,853.0,27.0,0.0,2.069767441860465,1.7069083385837591,13.0,1,1,100,0.02,25,0,5000,100,90,0,504,20,true,0,0,0,false,0,0
19,456,4970.0,4002.0,968.0,36.0,0.0,2.052738336713996,1.6544033405129763,13.0,1,1,100,0.02,25,0,5000,100,90,0,504,20,true,0,0,0,false,0,0
20,480,4966.0,3899.0,1067.0,47.0,0.0,2.0344202898550723,1.6179270275859294,13.0,1,1,100,0.02,25,0,5000,100,90,0,504,20,true,0,0,0,false,0,0
21,504,4962.0,3784.0,1178.0,63.0,0.0,2.02258064516129,1.6145961202764731,13.0,1,1,100,0.02,25,0,5000,100,90,0,504,20,true,0,0,0,false,0,0
22,528,4955.0,3641.0,1314.0,71.0,0.0,2.014450867052023,1.6085226574114126,13.0,1,1,100,0.02,25,0,5000,100,90,0,504,20,true,0,0,0,false,0,0
23,552,4946.0,3511.0,1435.0,91.0,0.0,2.011842105263158,1.6195826578401529,13.0,1,1,100,0.02,25,0,5000,100,90,0,504,20,true,0,0,0,false,0,0
24,576,4936.0,3380.0,1556.0,114.0,0.0,2.0059952038369304,1.6069215623483282,13.0,1,1,100,0.02,25,0,5000,100,90,0,504,20,true,0,0,0,false,0,0
25,600,4923.0,3239.0,1684.0,141.0,0.0,2.0098901098901103,1.6292536741298251,13.0,1,1,100,0.02,25,0,5000,100,90,0,504,20,true,0,0,0,false,0,0
26,624,4917.0,3074.0,1843.0,169.0,0.0,1.9920870425321464,1.6025773475225098,13.0,1,1,100,0.02,25,0,5000,100,90,0,504,20,true,0,0,0,false,0,0
27,648,4906.0,2958.0,1948.0,216.0,0.0,1.979890310786106,1.583757211412212,13.0,1,1,100,0.02,25,0,5000,100,90,0,504,20,true,0,0,0,false,0,0
28,672,4900.0,2845.0,2055.0,253.0,0.0,1.9982683982683984,1.5917890855547656,13.0,1,1,100,0.02,25,0,5000,100,90,0,504,20,true,0,0,0,false,0,0
29,696,4887.0,2719.0,2168.0,300.0,0.0,2.007317073170732,1.5863879237765834,13.0,1,1,100,0.02,25,0,5000,100,90,0,504,20,true,0,0,0,false,0,0
30,720,4875.0,2593.0,2282.0,347.0,0.0,1.9984848484848483,1.5682591212842645,13.0,1,1,100,0.02,25,0,5000,100,90,0,504,20,true,0,0,0,false,0,0
31,744,4864.0,2521.0,2343.0,399.0,0.0,1.994207096307024,1.5626885177337462,13.0,1,1,100,0.02,25,0,5000,100,90,0,504,20,true,0,0,0,false,0,0
32,768,4850.0,2460.0,2390.0,457.0,0.0,2.002099370188944,1.5635451578726332,13.0,1,1,100,0.02,25,0,5000,100,90,0,504,20,true,0,0,0,false,0,0
33,792,4838.0,2406.0,2432.0,512.0,0.0,2.0054163845633037,1.5789856158785638,13.0,1,1,100,0.02,25,0,5000,100,90,0,504,20,true,0,0,0,false,0,0
34,816,4818.0,2360.0,2458.0,568.0,0.0,2.001320132013201,1.578420644296315,13.0,1,1,100,0.02,25,0,5000,100,90,0,504,20,true,0,0,0,false,0,0
35,840,4807.0,2277.0,2530.0,641.0,0.0,2.004410838059232,1.6185730650152796,16.0,1,1,100,0.02,25,0,5000,100,90,0,504,20,true,0,0,0,false,0,0
36,864,4789.0,2175.0,2614.0,720.0,0.0,1.9928358208955224,1.614212938525304,17.0,1,1,100,0.02,25,0,5000,100,90,0,504,20,true,0,0,0,false,0,0
37,888,4777.0,2115.0,2662.0,818.0,0.0,1.9891552511415524,1.6251861817995217,17.0,1,1,100,0.02,25,0,5000,100,90,0,504,20,true,0,0,0,false,0,0
38,912,4764.0,2077.0,2687.0,917.0,0.0,1.9928256070640176,1.6362990949906435,17.0,1,1,100,0.02,25,0,5000,100,90,0,504,20,true,0,0,0,false,0,0
39,936,4750.0,2045.0,2705.0,1024.0,0.0,1.99307774227902,1.6407357671377385,17.0,1,1,100,0.02,25,0,5000,100,90,0,504,20,true,0,0,0,false,0,0
40,960,4741.0,1980.0,2761.0,1112.0,0.0,2.002062919030428,1.6524666099403953,17.0,1,1,100,0.02,25,0,5000,100,90,0,504,20,true,0,0,0,false,0,0
41,984,4724.0,1933.0,2791.0,1215.0,0.0,2.003982080637133,1.6616077486686502,17.0,1,1,100,0.02,25,0,5000,100,90,0,504,20,true,0,0,0,false,0,0
42,1008,4712.0,1923.0,2789.0,1324.0,0.0,1.9966150870406192,1.6815939615089268,17.0,1,1,100,0.02,25,0,5000,100,90,0,504,20,true,0,0,0,false,0,0
43,1032,4698.0,1941.0,2757.0,1418.0,0.0,1.9976145038167936,1.6706062056275008,17.0,1,1,100,0.02,25,0,5000,100,90,0,504,20,true,0,0,0,false,0,0
44,1056,4686.0,1987.0,2699.0,1536.0,0.0,1.9957766306898168,1.6678346127906731,17.0,1,1,100,0.02,25,0,5000,100,90,0,504,20,true,0,0,0,false,0,0
45,1080,4669.0,2019.0,2650.0,1659.0,0.0,1.9898850574712643,1.6631978197743278,17.0,1,1,100,0.02,25,0,5000,100,90,0,504,20,true,0,0,0,false,0,0
46,1104,4652.0,2042.0,2610.0,1793.0,0.0,1.9874157303370787,1.6566369190311772,17.0,1,1,100,0.02,25,0,5000,100,90,0,504,20,true,0,0,0,false,0,0
47,1128,4641.0,2050.0,2591.0,1901.0,0.0,1.987247141600704,1.652449576469578,17.0,1,1,100,0.02,25,0,5000,100,90,0,504,20,true,0,0,0,false,0,0
48,1152,4627.0,2118.0,2509.0,2033.0,0.0,1.9887005649717515,1.6536791937833075,17.0,1,1,100,0.02,25,0,5000,100,90,0,504,20,true,0,0,0,false,0,0
49,1176,4613.0,2218.0,2395.0,2169.0,0.0,1.9939262472885035,1.6569920988763884,17.0,1,1,100,0.02,25,0,5000,100,90,0,504,20,true,0,0,0,false,0,0
50,1200,4599.0,2327.0,2272.0,2298.0,0.0,1.9922077922077923,1.6570204126720822,17.0,1,1,100,0.02,25,0,5000,100,90,0,504,20,true,0,0,0,false,0,0
51,1224,4589.0,2431.0,2158.0,2406.0,0.0,1.992637505413599,1.6572506043689152,17.0,1,1,100,0.02,25,0,5000,100,90,0,504,20,true,0,0,0,false,0,0
52,1248,4582.0,2552.0,2030.0,2533.0,0.0,1.9939315127871693,1.6596736114695794,17.0,1,1,100,0.02,25,0,5000,100,90,0,504,20,true,0,0,0,false,0,0
53,1272,4568.0,2646.0,1922.0,2638.0,0.0,1.9956672443674175,1.6598416833289733,17.0,1,1,100,0.02,25,0,5000,100,90,0,504,20,true,0,0,0,false,0,0
54,1296,4564.0,2781.0,1783.0,2776.0,0.0,1.9960988296488944,1.6600720066968409,17.0,1,1,100,0.02,25,0,5000,100,90,0,504,20,true,0,0,0,false,0,0
55,1320,4549.0,2910.0,1639.0,2907.0,0.0,1.993920972644377,1.6595450809163892,17.0,1,1,100,0.02,25,0,5000,100,90,0,504,20,true,0,0,0,false,0,0
56,1344,4541.0,3021.0,1520.0,3021.0,0.0,1.9913043478260868,1.6572072399059714,17.0,1,1,100,0.02,25,0,5000,100,90,0,504,20,true,0,0,0,false,0,0
57,1368,4537.0,3142.0,1395.0,3142.0,0.0,1.9895470383275264,1.6573266565732403,17.0,1,1,100,0.02,25,0,5000,100,90,0,504,20,true,0,0,0,false,0,0
58,1392,4528.0,3251.0,1277.0,3251.0,0.0,1.9895333624073264,1.65762145884639,17.0,1,1,100,0.02,25,0,5000,100,90,0,504,20,true,0,0,0,false,0,0
59,1416,4521.0,3353.0,1168.0,3353.0,0.0,1.989960715844609,1.6582161584517452,17.0,1,1,100,0.02,25,0,5000,100,90,0,504,20,true,0,0,0,false,0,0
60,1440,4517.0,3455.0,1062.0,3455.0,0.0,1.9908256880733943,1.6586823035244584,17.0,1,1,100,0.02,25,0,5000,100,90,0,504,20,true,0,0,0,false,0,0
61,1464,4512.0,3553.0,959.0,3553.0,0.0,1.9912549191080016,1.6592782557488714,17.0,1,1,100,0.02,25,0,5000,100,90,0,504,20,true,0,0,0,false,0,0
62,1488,4509.0,3642.0,867.0,3642.0,0.0,1.9912549191080016,1.6592782557488694,17.0,1,1,100,0.02,25,0,5000,100,90,0,504,20,true,0,0,0,false,0,0
63,1512,4504.0,3746.0,758.0,3746.0,0.0,1.991688538932633,1.6595116840283557,17.0,1,1,100,0.02,25,0,5000,100,90,0,504,20,true,0,0,0,false,0,0
64,1536,4500.0,3843.0,657.0,3843.0,0.0,1.9916812609457093,1.6599745555783991,17.0,1,1,100,0.02,25,0,5000,100,90,0,504,20,true,0,0,0,false,0,0
65,1560,4497.0,3920.0,577.0,3920.0,0.0,1.9916812609457093,1.6599745555783998,17.0,1,1,100,0.02,25,0,5000,100,90,0,504,20,true,0,0,0,false,0,0
66,1584,4496.0,3990.0,506.0,3990.0,0.0,1.9921156373193167,1.6602083860037098,17.0,1,1,100,0.02,25,0,5000,100,90,0,504,20,true,0,0,0,false,0,0
67,1608,4491.0,4057.0,434.0,4057.0,0.0,1.9885964912280705,1.6541335340515295,17.0,1,1,100,0.02,25,0,5000,100,90,0,504,20,true,0,0,0,false,0,0
68,1632,4489.0,4127.0,362.0,4127.0,0.0,1.9885964912280705,1.6541335340515286,17.0,1,1,100,0.02,25,0,5000,100,90,0,504,20,true,0,0,0,false,0,0
69,1656,4489.0,4187.0,302.0,4187.0,0.0,1.9885964912280705,1.6541335340515309,17.0,1,1,100,0.02,25,0,5000,100,90,0,504,20,true,0,0,0,false,0,0
70,1680,4486.0,4232.0,254.0,4232.0,0.0,1.9881526985519964,1.654360790073249,17.0,1,1,100,0.02,25,0,5000,100,90,0,504,20,true,0,0,0,false,0,0
71,1704,4486.0,4272.0,214.0,4272.0,0.0,1.9881526985519964,1.6543607900732555,17.0,1,1,100,0.02,25,0,5000,100,90,0,504,20,true,0,0,0,false,0,0
72,1728,4485.0,4309.0,176.0,4309.0,0.0,1.9881526985519964,1.654360790073253,17.0,1,1,100,0.02,25,0,5000,100,90,0,504,20,true,0,0,0,false,0,0
73,1752,4484.0,4340.0,144.0,4340.0,0.0,1.9881526985519964,1.6543607900732575,17.0,1,1,100,0.02,25,0,5000,100,90,0,504,20,true,0,0,0,false,0,0
74,1776,4484.0,4374.0,110.0,4374.0,0.0,1.9881526985519964,1.6543607900732549,17.0,1,1,100,0.02,25,0,5000,100,90,0,504,20,true,0,0,0,false,0,0
75,1800,4484.0,4397.0,87.0,4397.0,0.0,1.9881526985519964,1.6543607900732533,17.0,1,1,100,0.02,25,0,5000,100,90,0,504,20,true,0,0,0,false,0,0
76,1824,4484.0,4409.0,75.0,4409.0,0.0,1.9881526985519964,1.6543607900732489,17.0,1,1,100,0.02,25,0,5000,100,90,0,504,20,true,0,0,0,false,0,0
77,1848,4484.0,4424.0,60.0,4424.0,0.0,1.9881526985519964,1.6543607900732555,17.0,1,1,100,0.02,25,0,5000,100,90,0,504,20,true,0,0,0,false,0,0
78,1872,4483.0,4440.0,43.0,4440.0,0.0,1.9868305531167687,1.6535192791162658,17.0,1,1,100,0.02,25,0,5000,100,90,0,504,20,true,0,0,0,false,0,0
79,1896,4483.0,4446.0,37.0,4446.0,0.0,1.9868305531167687,1.6535192791162658,17.0,1,1,100,0.02,25,0,5000,100,90,0,504,20,true,0,0,0,false,0,0
80,1920,4483.0,4456.0,27.0,4456.0,0.0,1.9868305531167687,1.6535192791162712,17.0,1,1,100,0.02,25,0,5000,100,90,0,504,20,true,0,0,0,false,0,0
81,1944,4483.0,4465.0,18.0,4465.0,0.0,1.9868305531167687,1.6535192791162698,17.0,1,1,100,0.02,25,0,5000,100,90,0,504,20,true,0,0,0,false,0,0
82,1968,4483.0,4471.0,12.0,4471.0,0.0,1.9868305531167687,1.6535192791162685,17.0,1,1,100,0.02,25,0,5000,100,90,0,504,20,true,0,0,0,false,0,0
83,1992,4483.0,4472.0,11.0,4472.0,0.0,1.9868305531167687,1.6535192791162718,17.0,1,1,100,0.02,25,0,5000,100,90,0,504,20,true,0,0,0,false,0,0
84,2016,4483.0,4477.0,6.0,4477.0,0.0,1.9868305531167687,1.6535192791162725,17.0,1,1,100,0.02,25,0,5000,100,90,0,504,20,true,0,0,0,false,0,0
85,2040,4483.0,4478.0,5.0,4478.0,0.0,1.9868305531167687,1.6535192791162732,17.0,1,1,100,0.02,25,0,5000,100,90,0,504,20,true,0,0,0,false,0,0
86,2064,4483.0,4479.0,4.0,4479.0,0.0,1.9868305531167687,1.6535192791162698,17.0,1,1,100,0.02,25,0,5000,100,90,0,504,20,true,0,0,0,false,0,0
87,2088,4483.0,4480.0,3.0,4480.0,0.0,1.9868305531167687,1.6535192791162725,17.0,1,1,100,0.02,25,0,5000,100,90,0,504,20,true,0,0,0,false,0,0
88,2112,4483.0,4482.0,1.0,4482.0,0.0,1.9868305531167687,1.6535192791162658,17.0,1,1,100,0.02,25,0,5000,100,90,0,504,20,true,0,0,0,false,0,0
89,2136,4483.0,4482.0,1.0,4482.0,0.0,1.9868305531167687,1.6535192791162696,17.0,1,1,100,0.02,25,0,5000,100,90,0,504,20,true,0,0,0,false,0,0
90,2160,,,,,,,,,1,1,100,0.02,25,0,5000,100,90,0,504,20,true,0,0,0,false,0,0
91,2184,,,,,,,,,1,1,100,0.02,25,0,5000,100,90,0,504,20,true,0,0,0,false,0,0
92,2208,,,,,,,,,1,1,100,0.02,25,0,5000,100,90,0,504,20,true,0,0,0,false,0,0
93,2232,,,,,,,,,1,1,100,0.02,25,0,5000,100,90,0,504,20,true,0,0,0,false,0,0
94,2256,,,,,,,,,1,1,100,0.02,25,0,5000,100,90,0,504,20,true,0,0,0,false,0,0
0,0,5000.0,4999.0,1.0,0.0,0.0,0.0,0.0,0.0,2,1,100,0.02,25,0,5000,100,90,0,504,20,true,0,0,0,false,0,0
1,24,5000.0,4986.0,14.0,0.0,0.0,2.1666666666666665,0.983192080250175,3.0,2,1,100,0.02,25,0,5000,100,90,0,504,20,true,0,0,0,false,0,0
2,48,5000.0,4950.0,50.0,1.0,0.0,2.1739130434782608,1.6963108075265054,7.0,2,1,100,0.02,25,0,5000,100,90,0,504,20,true,0,0,0,false,0,0
3,72,4999.0,4881.0,118.0,1.0,0.0,2.0701754385964914,1.9444026729013628,10.0,2,1,100,0.02,25,0,5000,100,90,0,504,20,true,0,0,0,false,0,0
4,96,4998.0,4820.0,178.0,1.0,0.0,2.132530120481928,1.8725949410126268,10.0,2,1,100,0.02,25,0,5000,100,90,0,504,20,true,0,0,0,false,0,0
5,120,4998.0,4788.0,210.0,2.0,0.0,2.121212121212121,1.885891373030797,10.0,2,1,100,0.02,25,0,5000,100,90,0,504,20,true,0,0,0,false,0,0
6,144,4997.0,4729.0,268.0,2.0,0.0,2.1102362204724407,1.8397219702672505,10.0,2,1,100,0.02,25,0,5000,100,90,0,504,20,true,0,0,0,false,0,0
7,168,4994.0,4651.0,343.0,3.0,0.0,2.084848484848485,1.8426057258810205,11.0,2,1,100,0.02,25,0,5000,100,90,0,504,20,true,0,0,0,false,0,0
8,192,4992.0,4555.0,437.0,3.0,0.0,2.1067961165048543,1.7636581791443882,11.0,2,1,100,0.02,25,0,5000,100,90,0,504,20,true,0,0,0,false,0,0
9,216,4988.0,4474.0,514.0,6.0,0.0,2.072289156626506,1.7605657942977615,11.0,2,1,100,0.02,25,0,5000,100,90,0,504,20,true,0,0,0,false,0,0
10,240,4986.0,4363.0,623.0,9.0,0.0,2.0592105263157894,1.7051022350874039,11.0,2,1,100,0.02,25,0,5000,100,90,0,504,20,true,0,0,0,false,0,0
11,264,4983.0,4252.0,731.0,11.0,0.0,2.0414364640883984,1.6663347848093333,11.0,2,1,100,0.02,25,0,5000,100,90,0,504,20,true,0,0,0,false,0,0
12,288,4980.0,4171.0,809.0,16.0,0.0,2.042079207920792,1.66282119490243,11.0,2,1,100,0.02,25,0,5000,100,90,0,504,20,true,0,0,0,false,0,0
13,312,4977.0,4080.0,897.0,24.0,0.0,2.024122807017544,1.6231394414602047,11.0,2,1,100,0.02,25,0,5000,100,90,0,504,20,true,0,0,0,false,0,0
14,336,4975.0,3985.0,990.0,38.0,0.0,2.0235756385068764,1.6396400437614802,12.0,2,1,100,0.02,25,0,5000,100,90,0,504,20,true,0,0,0,false,0,0
15,360,4974.0,3882.0,1092.0,46.0,0.0,2.033868092691622,1.6280775836193062,12.0,2,1,100,0.02,25,0,5000,100,90,0,504,20,true,0,0,0,false,0,0
16,384,4968.0,3766.0,1202.0,60.0,0.0,2.011182108626198,1.6044546613673427,12.0,2,1,100,0.02,25,0,5000,100,90,0,504,20,true,0,0,0,false,0,0
17,408,4964.0,3638.0,1326.0,70.0,0.0,1.9957081545064377,1.5874630264239056,12.0,2,1,100,0.02,25,0,5000,100,90,0,504,20,true,0,0,0,false,0,0
18,432,4957.0,3508.0,1449.0,91.0,0.0,2.0,1.558088622785532,12.0,2,1,100,0.02,25,0,5000,100,90,0,504,20,true,0,0,0,false,0,0
19,456,4950.0,3344.0,1606.0,106.0,0.0,1.986046511627907,1.5447656776994685,12.0,2,1,100,0.02,25,0,5000,100,90,0,504,20,true,0,0,0,false,0,0
20,480,4946.0,3239.0,1707.0,135.0,0.0,1.9859611231101515,1.529818040619821,12.0,2,1,100,0.02,25,0,5000,100,90,0,504,20,true,0,0,0,false,0,0
21,504,4940.0,3126.0,1814.0,165.0,0.0,1.9869477911646587,1.5298800561534789,13.0,2,1,100,0.02,25,0,5000,100,90,0,504,20,true,0,0,0,false,0,0
22,528,4928.0,2985.0,1943.0,202.0,0.0,1.9769585253456217,1.5326772644580977,13.0,2,1,100,0.02,25,0,5000,100,90,0,504,20,true,0,0,0,false,0,0
23,552,4917.0,2883.0,2034.0,234.0,0.0,1.9869109947643984,1.5392403459908968,13.0,2,1,100,0.02,25,0,5000,100,90,0,504,20,true,0,0,0,false,0,0
24,576,4904.0,2768.0,2136.0,276.0,0.0,1.9926047658175845,1.5397510913882295,13.0,2,1,100,0.02,25,0,5000,100,90,0,504,20,true,0,0,0,false,0,0
25,600,4897.0,2676.0,2221.0,315.0,0.0,1.9867291178766588,1.5290863272218462,13.0,2,1,100,0.02,25,0,5000,100,90,0,504,20,true,0,0,0,false,0,0
26,624,4888.0,2590.0,2298.0,359.0,0.0,1.9836552748885588,1.5244330815452924,13.0,2,1,100,0.02,25,0,5000,100,90,0,504,20,true,0,0,0,false,0,0
27,648,4876.0,2536.0,2340.0,443.0,0.0,1.973777462792346,1.5163482089769549,13.0,2,1,100,0.02,25,0,5000,100,90,0,504,20,true,0,0,0,false,0,0
28,672,4864.0,2433.0,2431.0,507.0,0.0,1.974530831099196,1.516515865377235,13.0,2,1,100,0.02,25,0,5000,100,90,0,504,20,true,0,0,0,false,0,0
29,696,4855.0,2323.0,2532.0,575.0,0.0,1.9553459119496852,1.4840943060394365,13.0,2,1,100,0.02,25,0,5000,100,90,0,504,20,true,0,0,0,false,0,0
30,720,4840.0,2205.0,2635.0,651.0,0.0,1.942806603773585,1.4709482103398852,13.0,2,1,100,0.02,25,0,5000,100,90,0,504,20,true,0,0,0,false,0,0
31,744,4823.0,2121.0,2702.0,735.0,0.0,1.9512747875354108,1.4680670555749118,13.0,2,1,100,0.02,25,0,5000,100,90,0,504,20,true,0,0,0,false,0,0
32,768,4811.0,2024.0,2787.0,819.0,0.0,1.9491891891891893,1.4677392142956105,13.0,2,1,100,0.02,25,0,5000,100,90,0,504,20,true,0,0,0,false,0,0
33,792,4799.0,1973.0,2826.0,923.0,0.0,1.9526288391462783,1.4674753732250718,13.0,2,1,100,0.02,25,0,5000,100,90,0,504,20,true,0,0,0,false,0,0
34,816,4788.0,1903.0,2885.0,1008.0,0.0,1.9480000000000002,1.470502359261738,13.0,2,1,100,0.02,25,0,5000,100,90,0,504,20,true,0,0,0,false,0,0
35,840,4775.0,1846.0,2929.0,1091.0,0.0,1.9476997578692492,1.4831664570331646,13.0,2,1,100,0.02,25,0,5000,100,90,0,504,20,true,0,0,0,false,0,0
36,864,4770.0,1826.0,2944.0,1206.0,0.0,1.9520451339915372,1.4873421090091754,13.0,2,1,100,0.02,25,0,5000,100,90,0,504,20,true,0,0,0,false,0,0
37,888,4757.0,1824.0,2933.0,1335.0,0.0,1.9547118023787742,1.4782196708084303,13.0,2,1,100,0.02,25,0,5000,100,90,0,504,20,true,0,0,0,false,0,0
38,912,4741.0,1843.0,2898.0,1432.0,0.0,1.9504281207751242,1.4769871444686609,13.0,2,1,100,0.02,25,0,5000,100,90,0,504,20,true,0,0,0,false,0,0
39,936,4726.0,1901.0,2825.0,1559.0,0.0,1.9558232931726909,1.4794162860169509,13.0,2,1,100,0.02,25,0,5000,100,90,0,504,20,true,0,0,0,false,0,0
40,960,4713.0,1974.0,2739.0,1674.0,0.0,1.9548472775564407,1.4844028813704735,13.0,2,1,100,0.02,25,0,5000,100,90,0,504,20,true,0,0,0,false,0,0
41,984,4704.0,2059.0,2645.0,1795.0,0.0,1.9551648351648352,1.4839254221130729,13.0,2,1,100,0.02,25,0,5000,100,90,0,504,20,true,0,0,0,false,0,0
42,1008,4689.0,2169.0,2520.0,1940.0,0.0,1.9597197898423817,1.4882065540622642,13.0,2,1,100,0.02,25,0,5000,100,90,0,504,20,true,0,0,0,false,0,0
43,1032,4680.0,2244.0,2436.0,2055.0,0.0,1.9582427142235757,1.4885684650340274,13.0,2,1,100,0.02,25,0,5000,100,90,0,504,20,true,0,0,0,false,0,0
44,1056,4669.0,2352.0,2317.0,2192.0,0.0,1.9558632626568584,1.4869559906370302,13.0,2,1,100,0.02,25,0,5000,100,90,0,504,20,true,0,0,0,false,0,0
45,1080,4650.0,2449.0,2201.0,2307.0,0.0,1.9580086580086582,1.487485960399259,13.0,2,1,100,0.02,25,0,5000,100,90,0,504,20,true,0,0,0,false,0,0
46,1104,4636.0,2573.0,2063.0,2443.0,0.0,1.9593249675465167,1.4890911471655532,13.0,2,1,100,0.02,25,0,5000,100,90,0,504,20,true,0,0,0,false,0,0
47,1128,4625.0,2705.0,1920.0,2589.0,0.0,1.9597576806577242,1.4875031324207384,13.0,2,1,100,0.02,25,0,5000,100,90,0,504,20,true,0,0,0,false,0,0
48,1152,4617.0,2818.0,1799.0,2721.0,0.0,1.9624190064794813,1.4886099467991982,13.0,2,1,100,0.02,25,0,5000,100,90,0,504,20,true,0,0,0,false,0,0
49,1176,4609.0,2921.0,1688.0,2842.0,0.0,1.9671422395157805,1.4898013746473362,13.0,2,1,100,0.02,25,0,5000,100,90,0,504,20,true,0,0,0,false,0,0
50,1200,4600.0,3039.0,1561.0,2993.0,0.0,1.9686021505376343,1.4942097015128617,13.0,2,1,100,0.02,25,0,5000,100,90,0,504,20,true,0,0,0,false,0,0
51,1224,4589.0,3141.0,1448.0,3115.0,0.0,1.9699828473413377,1.4932852422783778,13.0,2,1,100,0.02,25,0,5000,100,90,0,504,20,true,0,0,0,false,0,0
52,1248,4584.0,3240.0,1344.0,3227.0,0.0,1.9738197424892705,1.4958656354320559,13.0,2,1,100,0.02,25,0,5000,100,90,0,504,20,true,0,0,0,false,0,0
53,1272,4578.0,3359.0,1219.0,3349.0,0.0,1.9725321888412015,1.497133666140693,13.0,2,1,100,0.02,25,0,5000,100,90,0,504,20,true,0,0,0,false,0,0
54,1296,4575.0,3473.0,1102.0,3468.0,0.0,1.972114972114972,1.5009564151454386,13.0,2,1,100,0.02,25,0,5000,100,90,0,504,20,true,0,0,0,false,0,0
55,1320,4570.0,3569.0,1001.0,3568.0,0.0,1.9729497638471447,1.5039032598830795,13.0,2,1,100,0.02,25,0,5000,100,90,0,504,20,true,0,0,0,false,0,0
56,1344,4567.0,3661.0,906.0,3661.0,0.0,1.9729497638471447,1.5039032598830822,13.0,2,1,100,0.02,25,0,5000,100,90,0,504,20,true,0,0,0,false,0,0
57,1368,4567.0,3740.0,827.0,3740.0,0.0,1.9729497638471447,1.5039032598830815,13.0,2,1,100,0.02,25,0,5000,100,90,0,504,20,true,0,0,0,false,0,0
58,1392,4561.0,3827.0,734.0,3827.0,0.0,1.9737859905457669,1.504278927797427,13.0,2,1,100,0.02,25,0,5000,100,90,0,504,20,true,0,0,0,false,0,0
59,1416,4559.0,3906.0,653.0,3906.0,0.0,1.9737634408602152,1.5046399220858528,13.0,2,1,100,0.02,25,0,5000,100,90,0,504,20,true,0,0,0,false,0,0
60,1440,4556.0,4009.0,547.0,4009.0,0.0,1.9728915662650603,1.5043761918172427,13.0,2,1,100,0.02,25,0,5000,100,90,0,504,20,true,0,0,0,false,0,0
61,1464,4555.0,4075.0,480.0,4075.0,0.0,1.9728915662650603,1.5043761918172411,13.0,2,1,100,0.02,25,0,5000,100,90,0,504,20,true,0,0,0,false,0,0
62,1488,4553.0,4135.0,418.0,4135.0,0.0,1.9728915662650603,1.5043761918172414,13.0,2,1,100,0.02,25,0,5000,100,90,0,504,20,true,0,0,0,false,0,0
63,1512,4551.0,4186.0,365.0,4186.0,0.0,1.9728915662650603,1.5043761918172425,13.0,2,1,100,0.02,25,0,5000,100,90,0,504,20,true,0,0,0,false,0,0
64,1536,4548.0,4228.0,320.0,4228.0,0.0,1.9732988802756244,1.5048885628623196,13.0,2,1,100,0.02,25,0,5000,100,90,0,504,20,true,0,0,0,false,0,0
65,1560,4545.0,4265.0,280.0,4265.0,0.0,1.9719827586206895,1.5030770335925832,13.0,2,1,100,0.02,25,0,5000,100,90,0,504,20,true,0,0,0,false,0,0
66,1584,4544.0,4307.0,237.0,4307.0,0.0,1.9719827586206895,1.5030770335925852,13.0,2,1,100,0.02,25,0,5000,100,90,0,504,20,true,0,0,0,false,0,0
67,1608,4543.0,4335.0,208.0,4335.0,0.0,1.972401897369556,1.5032656028048514,13.0,2,1,100,0.02,25,0,5000,100,90,0,504,20,true,0,0,0,false,0,0
68,1632,4541.0,4368.0,173.0,4368.0,0.0,1.9710957722174287,1.5022732618519037,13.0,2,1,100,0.02,25,0,5000,100,90,0,504,20,true,0,0,0,false,0,0
69,1656,4541.0,4402.0,139.0,4402.0,0.0,1.9710957722174287,1.5022732618519017,13.0,2,1,100,0.02,25,0,5000,100,90,0,504,20,true,0,0,0,false,0,0
70,1680,4541.0,4427.0,114.0,4427.0,0.0,1.9710957722174287,1.502273261851905,13.0,2,1,100,0.02,25,0,5000,100,90,0,504,20,true,0,0,0,false,0,0
71,1704,4541.0,4445.0,96.0,4445.0,0.0,1.9710957722174287,1.5022732618519028,13.0,2,1,100,0.02,25,0,5000,100,90,0,504,20,true,0,0,0,false,0,0
72,1728,4540.0,4460.0,80.0,4460.0,0.0,1.9710957722174287,1.5022732618519026,13.0,2,1,100,0.02,25,0,5000,100,90,0,504,20,true,0,0,0,false,0,0
73,1752,4538.0,4471.0,67.0,4471.0,0.0,1.9719343696027636,1.5026507512911913,13.0,2,1,100,0.02,25,0,5000,100,90,0,504,20,true,0,0,0,false,0,0
74,1776,4537.0,4482.0,55.0,4482.0,0.0,1.972354211663067,1.5028395292328975,13.0,2,1,100,0.02,25,0,5000,100,90,0,504,20,true,0,0,0,false,0,0
75,1800,4537.0,4495.0,42.0,4495.0,0.0,1.972354211663067,1.5028395292328949,13.0,2,1,100,0.02,25,0,5000,100,90,0,504,20,true,0,0,0,false,0,0
76,1824,4536.0,4503.0,33.0,4503.0,0.0,1.972354211663067,1.5028395292328969,13.0,2,1,100,0.02,25,0,5000,100,90,0,504,20,true,0,0,0,false,0,0
77,1848,4536.0,4510.0,26.0,4510.0,0.0,1.972354211663067,1.5028395292329029,13.0,2,1,100,0.02,25,0,5000,100,90,0,504,20,true,0,0,0,false,0,0
78,1872,4536.0,4517.0,19.0,4517.0,0.0,1.972354211663067,1.502839529232899,13.0,2,1,100,0.02,25,0,5000,100,90,0,504,20,true,0,0,0,false,0,0
79,1896,4536.0,4522.0,14.0,4522.0,0.0,1.972354211663067,1.5028395292328975,13.0,2,1,100,0.02,25,0,5000,100,90,0,504,20,true,0,0,0,false,0,0
80,1920,4536.0,4523.0,13.0,4523.0,0.0,1.972354211663067,1.5028395292328942,13.0,2,1,100,0.02,25,0,5000,100,90,0,504,20,true,0,0,0,false,0,0
81,1944,4536.0,4526.0,10.0,4526.0,0.0,1.972354211663067,1.5028395292328989,13.0,2,1,100,0.02,25,0,5000,100,90,0,504,20,true,0,0,0,false,0,0
82,1968,4536.0,4529.0,7.0,4529.0,0.0,1.972354211663067,1.5028395292328935,13.0,2,1,100,0.02,25,0,5000,100,90,0,504,20,true,0,0,0,false,0,0
83,1992,4536.0,4531.0,5.0,4531.0,0.0,1.972354211663067,1.5028395292329038,13.0,2,1,100,0.02,25,0,5000,100,90,0,504,20,true,0,0,0,false,0,0
84,2016,4536.0,4532.0,4.0,4532.0,0.0,1.972354211663067,1.5028395292328989,13.0,2,1,100,0.02,25,0,5000,100,90,0,504,20,true,0,0,0,false,0,0
85,2040,4536.0,4534.0,2.0,4534.0,0.0,1.972354211663067,1.5028395292328949,13.0,2,1,100,0.02,25,0,5000,100,90,0,504,20,true,0,0,0,false,0,0
86,2064,4536.0,4534.0,2.0,4534.0,0.0,1.972354211663067,1.502839529232898,13.0,2,1,100,0.02,25,0,5000,100,90,0,504,20,true,0,0,0,false,0,0
87,2088,4536.0,4535.0,1.0,4535.0,0.0,1.972354211663067,1.5028395292328935,13.0,2,1,100,0.02,25,0,5000,100,90,0,504,20,true,0,0,0,false,0,0
88,2112,,,,,,,,,2,1,100,0.02,25,0,5000,100,90,0,504,20,true,0,0,0,false,0,0
89,2136,,,,,,,,,2,1,100,0.02,25,0,5000,100,90,0,504,20,true,0,0,0,false,0,0
90,2160,,,,,,,,,2,1,100,0.02,25,0,5000,100,90,0,504,20,true,0,0,0,false,0,0
91,2184,,,,,,,,,2,1,100,0.02,25,0,5000,100,90,0,504,20,true,0,0,0,false,0,0
92,2208,,,,,,,,,2,1,100,0.02,25,0,5000,100,90,0,504,20,true,0,0,0,false,0,0
93,2232,,,,,,,,,2,1,100,0.02,25,0,5000,100,90,0,504,20,true,0,0,0,false,0,0
94,2256,,,,,,,,,2,1,100,0.02,25,0,5000,100,90,0,504,20,true,0,0,0,false,0,0
0,0,5000.0,4999.0,1.0,0.0,0.0,0.0,0.0,0.0,3,1,100,0.02,25,0,5000,100,90,0,504,20,true,0,0,0,false,0,0
1,24,5000.0,4998.0,2.0,0.0,0.0,1.0,0.0,1.0,3,1,100,0.02,25,0,5000,100,90,0,504,20,true,0,0,0,false,0,0
2,48,5000.0,4990.0,10.0,0.0,0.0,2.25,1.5,4.0,3,1,100,0.02,25,0,5000,100,90,0,504,20,true,0,0,0,false,0,0
3,72,5000.0,4971.0,29.0,0.0,0.0,1.8666666666666667,1.1872336794093274,5.0,3,1,100,0.02,25,0,5000,100,90,0,504,20,true,0,0,0,false,0,0
4,96,5000.0,4927.0,73.0,0.0,0.0,1.8947368421052633,1.2474725514872391,5.0,3,1,100,0.02,25,0,5000,100,90,0,504,20,true,0,0,0,false,0,0
5,120,5000.0,4893.0,107.0,0.0,0.0,1.9629629629629632,1.3453338361454554,6.0,3,1,100,0.02,25,0,5000,100,90,0,504,20,true,0,0,0,false,0,0
6,144,5000.0,4849.0,151.0,0.0,0.0,2.083333333333333,1.3505345837748222,6.0,3,1,100,0.02,25,0,5000,100,90,0,504,20,true,0,0,0,false,0,0
7,168,4998.0,4793.0,205.0,0.0,0.0,2.091836734693877,1.5065953608441331,8.0,3,1,100,0.02,25,0,5000,100,90,0,504,20,true,0,0,0,false,0,0
8,192,4998.0,4750.0,248.0,1.0,0.0,2.040983606557377,1.4848966404389508,8.0,3,1,100,0.02,25,0,5000,100,90,0,504,20,true,0,0,0,false,0,0
9,216,4997.0,4698.0,299.0,5.0,0.0,2.1111111111111107,1.5738737170047918,8.0,3,1,100,0.02,25,0,5000,100,90,0,504,20,true,0,0,0,false,0,0
10,240,4997.0,4634.0,363.0,7.0,0.0,2.0903954802259888,1.5713226773464113,10.0,3,1,100,0.02,25,0,5000,100,90,0,504,20,true,0,0,0,false,0,0
11,264,4994.0,4561.0,433.0,10.0,0.0,2.050925925925926,1.5468494835374451,10.0,3,1,100,0.02,25,0,5000,100,90,0,504,20,true,0,0,0,false,0,0
12,288,4992.0,4483.0,509.0,12.0,0.0,2.0115830115830122,1.5236701546513898,10.0,3,1,100,0.02,25,0,5000,100,90,0,504,20,true,0,0,0,false,0,0
13,312,4991.0,4407.0,584.0,15.0,0.0,2.0134228187919465,1.5373534352685758,10.0,3,1,100,0.02,25,0,5000,100,90,0,504,20,true,0,0,0,false,0,0
14,336,4987.0,4323.0,664.0,16.0,0.0,2.0176991150442483,1.5383594247935983,11.0,3,1,100,0.02,25,0,5000,100,90,0,504,20,true,0,0,0,false,0,0
15,360,4982.0,4227.0,755.0,20.0,0.0,2.005141388174807,1.6005715129609763,13.0,3,1,100,0.02,25,0,5000,100,90,0,504,20,true,0,0,0,false,0,0
16,384,4979.0,4113.0,866.0,27.0,0.0,1.9955357142857144,1.5857242549043231,13.0,3,1,100,0.02,25,0,5000,100,90,0,504,20,true,0,0,0,false,0,0
17,408,4975.0,4018.0,957.0,35.0,0.0,2.0121212121212118,1.572748228206429,13.0,3,1,100,0.02,25,0,5000,100,90,0,504,20,true,0,0,0,false,0,0
18,432,4971.0,3895.0,1076.0,41.0,0.0,2.0107526881720434,1.6627374002667747,16.0,3,1,100,0.02,25,0,5000,100,90,0,504,20,true,0,0,0,false,0,0
19,456,4968.0,3770.0,1198.0,52.0,0.0,1.9968203497615264,1.6394779543797866,16.0,3,1,100,0.02,25,0,5000,100,90,0,504,20,true,0,0,0,false,0,0
20,480,4963.0,3649.0,1314.0,66.0,0.0,2.0,1.6651705779125412,16.0,3,1,100,0.02,25,0,5000,100,90,0,504,20,true,0,0,0,false,0,0
21,504,4958.0,3520.0,1438.0,83.0,0.0,2.002628120893561,1.6733179864844518,18.0,3,1,100,0.02,25,0,5000,100,90,0,504,20,true,0,0,0,false,0,0
22,528,4952.0,3364.0,1588.0,109.0,0.0,2.0214030915576693,1.7042016509455908,18.0,3,1,100,0.02,25,0,5000,100,90,0,504,20,true,0,0,0,false,0,0
23,552,4946.0,3199.0,1747.0,128.0,0.0,2.0085470085470085,1.6993020347408705,20.0,3,1,100,0.02,25,0,5000,100,90,0,504,20,true,0,0,0,false,0,0
24,576,4943.0,3086.0,1857.0,152.0,0.0,1.996039603960396,1.6776925486588417,20.0,3,1,100,0.02,25,0,5000,100,90,0,504,20,true,0,0,0,false,0,0
25,600,4937.0,2945.0,1992.0,185.0,0.0,1.9881602914389802,1.6583388036750972,20.0,3,1,100,0.02,25,0,5000,100,90,0,504,20,true,0,0,0,false,0,0
26,624,4926.0,2800.0,2126.0,219.0,0.0,1.9764507989907485,1.6507677589278444,20.0,3,1,100,0.02,25,0,5000,100,90,0,504,20,true,0,0,0,false,0,0
27,648,4912.0,2694.0,2218.0,259.0,0.0,1.970611596505163,1.6362139372789504,20.0,3,1,100,0.02,25,0,5000,100,90,0,504,20,true,0,0,0,false,0,0
28,672,4902.0,2615.0,2287.0,310.0,0.0,1.9704321455648217,1.6379061668140817,20.0,3,1,100,0.02,25,0,5000,100,90,0,504,20,true,0,0,0,false,0,0
29,696,4892.0,2548.0,2344.0,377.0,0.0,1.9840116279069768,1.6434217642277509,20.0,3,1,100,0.02,25,0,5000,100,90,0,504,20,true,0,0,0,false,0,0
30,720,4886.0,2485.0,2401.0,429.0,0.0,1.9853249475890984,1.638840589639898,20.0,3,1,100,0.02,25,0,5000,100,90,0,504,20,true,0,0,0,false,0,0
31,744,4874.0,2422.0,2452.0,494.0,0.0,1.9885752688172045,1.636997797355683,20.0,3,1,100,0.02,25,0,5000,100,90,0,504,20,true,0,0,0,false,0,0
32,768,4865.0,2392.0,2473.0,573.0,0.0,1.992161985630307,1.62856565943067,20.0,3,1,100,0.02,25,0,5000,100,90,0,504,20,true,0,0,0,false,0,0
33,792,4856.0,2345.0,2511.0,654.0,0.0,1.9856070087609512,1.6322265183298892,20.0,3,1,100,0.02,25,0,5000,100,90,0,504,20,true,0,0,0,false,0,0
34,816,4840.0,2294.0,2546.0,735.0,0.0,1.9969696969696968,1.642924969411316,20.0,3,1,100,0.02,25,0,5000,100,90,0,504,20,true,0,0,0,false,0,0
35,840,4832.0,2240.0,2592.0,831.0,0.0,1.9982588508415555,1.6384950278185528,20.0,3,1,100,0.02,25,0,5000,100,90,0,504,20,true,0,0,0,false,0,0
36,864,4816.0,2201.0,2615.0,927.0,0.0,2.0022446689113362,1.64031039867464,20.0,3,1,100,0.02,25,0,5000,100,90,0,504,20,true,0,0,0,false,0,0
37,888,4802.0,2180.0,2622.0,1015.0,0.0,2.0076670317634173,1.652875064526783,20.0,3,1,100,0.02,25,0,5000,100,90,0,504,20,true,0,0,0,false,0,0
38,912,4780.0,2131.0,2649.0,1104.0,0.0,2.0021175224986765,1.654793936220054,20.0,3,1,100,0.02,25,0,5000,100,90,0,504,20,true,0,0,0,false,0,0
39,936,4766.0,2104.0,2662.0,1221.0,0.0,2.0118312757201644,1.6696756321983135,20.0,3,1,100,0.02,25,0,5000,100,90,0,504,20,true,0,0,0,false,0,0
40,960,4755.0,2095.0,2660.0,1329.0,0.0,2.006006006006006,1.6425623216288174,20.0,3,1,100,0.02,25,0,5000,100,90,0,504,20,true,0,0,0,false,0,0
41,984,4737.0,2072.0,2665.0,1443.0,0.0,2.006322957198444,1.6381875037962974,20.0,3,1,100,0.02,25,0,5000,100,90,0,504,20,true,0,0,0,false,0,0
42,1008,4723.0,2087.0,2636.0,1561.0,0.0,2.0061845861084677,1.6466716897061024,20.0,3,1,100,0.02,25,0,5000,100,90,0,504,20,true,0,0,0,false,0,0
43,1032,4711.0,2109.0,2602.0,1683.0,0.0,2.0046490004649,1.6407533026015464,20.0,3,1,100,0.02,25,0,5000,100,90,0,504,20,true,0,0,0,false,0,0
44,1056,4697.0,2128.0,2569.0,1791.0,0.0,2.0151654411764706,1.6495906201224364,20.0,3,1,100,0.02,25,0,5000,100,90,0,504,20,true,0,0,0,false,0,0
45,1080,4683.0,2195.0,2488.0,1909.0,0.0,2.0113481615978213,1.6535427378247125,20.0,3,1,100,0.02,25,0,5000,100,90,0,504,20,true,0,0,0,false,0,0
46,1104,4671.0,2275.0,2396.0,2035.0,0.0,2.013531799729364,1.6492523804025858,20.0,3,1,100,0.02,25,0,5000,100,90,0,504,20,true,0,0,0,false,0,0
47,1128,4662.0,2366.0,2296.0,2173.0,0.0,2.009825815096025,1.6457739407934484,20.0,3,1,100,0.02,25,0,5000,100,90,0,504,20,true,0,0,0,false,0,0
48,1152,4649.0,2453.0,2196.0,2305.0,0.0,2.008414526129318,1.64410307861113,20.0,3,1,100,0.02,25,0,5000,100,90,0,504,20,true,0,0,0,false,0,0
49,1176,4636.0,2544.0,2092.0,2429.0,0.0,2.009695901278096,1.646945048841334,20.0,3,1,100,0.02,25,0,5000,100,90,0,504,20,true,0,0,0,false,0,0
50,1200,4626.0,2611.0,2015.0,2533.0,0.0,2.0052470485351988,1.6383335850424932,20.0,3,1,100,0.02,25,0,5000,100,90,0,504,20,true,0,0,0,false,0,0
51,1224,4616.0,2714.0,1902.0,2659.0,0.0,2.0056694286960317,1.6360529986021608,20.0,3,1,100,0.02,25,0,5000,100,90,0,504,20,true,0,0,0,false,0,0
52,1248,4604.0,2815.0,1789.0,2782.0,0.0,2.007417102966841,1.6390682416166729,20.0,3,1,100,0.02,25,0,5000,100,90,0,504,20,true,0,0,0,false,0,0
53,1272,4597.0,2923.0,1674.0,2908.0,0.0,2.008264462809917,1.6400188624239809,20.0,3,1,100,0.02,25,0,5000,100,90,0,504,20,true,0,0,0,false,0,0
54,1296,4587.0,3029.0,1558.0,3025.0,0.0,2.0086918730986527,1.6404964999416736,20.0,3,1,100,0.02,25,0,5000,100,90,0,504,20,true,0,0,0,false,0,0
55,1320,4583.0,3123.0,1460.0,3123.0,0.0,2.008253692441355,1.64027472230813,20.0,3,1,100,0.02,25,0,5000,100,90,0,504,20,true,0,0,0,false,0,0
56,1344,4577.0,3237.0,1340.0,3237.0,0.0,2.0086918730986527,1.6404964999416725,20.0,3,1,100,0.02,25,0,5000,100,90,0,504,20,true,0,0,0,false,0,0
57,1368,4567.0,3347.0,1220.0,3347.0,0.0,2.007404181184669,1.6408290227450018,20.0,3,1,100,0.02,25,0,5000,100,90,0,504,20,true,0,0,0,false,0,0
58,1392,4561.0,3451.0,1110.0,3451.0,0.0,2.008282476024412,1.641274572120179,20.0,3,1,100,0.02,25,0,5000,100,90,0,504,20,true,0,0,0,false,0,0
59,1416,4559.0,3539.0,1020.0,3539.0,0.0,2.0087221979938943,1.6414974163567433,20.0,3,1,100,0.02,25,0,5000,100,90,0,504,20,true,0,0,0,false,0,0
60,1440,4551.0,3642.0,909.0,3642.0,0.0,2.008729812309036,1.6419481191844805,20.0,3,1,100,0.02,25,0,5000,100,90,0,504,20,true,0,0,0,false,0,0
61,1464,4548.0,3727.0,821.0,3727.0,0.0,2.008729812309036,1.6419481191844834,20.0,3,1,100,0.02,25,0,5000,100,90,0,504,20,true,0,0,0,false,0,0
62,1488,4548.0,3819.0,729.0,3819.0,0.0,2.008729812309036,1.6419481191844798,20.0,3,1,100,0.02,25,0,5000,100,90,0,504,20,true,0,0,0,false,0,0
63,1512,4544.0,3910.0,634.0,3910.0,0.0,2.0078636959370906,1.6424039036764706,20.0,3,1,100,0.02,25,0,5000,100,90,0,504,20,true,0,0,0,false,0,0
64,1536,4541.0,3978.0,563.0,3978.0,0.0,2.0078705728027986,1.64285594234041,20.0,3,1,100,0.02,25,0,5000,100,90,0,504,20,true,0,0,0,false,0,0
65,1560,4540.0,4042.0,498.0,4042.0,0.0,2.0078705728027986,1.642855942340414,20.0,3,1,100,0.02,25,0,5000,100,90,0,504,20,true,0,0,0,false,0,0
66,1584,4538.0,4099.0,439.0,4099.0,0.0,2.0083114610673665,1.6430800561756125,20.0,3,1,100,0.02,25,0,5000,100,90,0,504,20,true,0,0,0,false,0,0
67,1608,4536.0,4153.0,383.0,4153.0,0.0,2.0083150984682714,1.6434397011397621,20.0,3,1,100,0.02,25,0,5000,100,90,0,504,20,true,0,0,0,false,0,0
68,1632,4534.0,4215.0,319.0,4215.0,0.0,2.009198423127464,1.6438884815170658,20.0,3,1,100,0.02,25,0,5000,100,90,0,504,20,true,0,0,0,false,0,0
69,1656,4534.0,4260.0,274.0,4260.0,0.0,2.009198423127464,1.6438884815170651,20.0,3,1,100,0.02,25,0,5000,100,90,0,504,20,true,0,0,0,false,0,0
70,1680,4533.0,4307.0,226.0,4307.0,0.0,2.009640666082384,1.6441129424508691,20.0,3,1,100,0.02,25,0,5000,100,90,0,504,20,true,0,0,0,false,0,0
71,1704,4533.0,4342.0,191.0,4342.0,0.0,2.009640666082384,1.6441129424508645,20.0,3,1,100,0.02,25,0,5000,100,90,0,504,20,true,0,0,0,false,0,0
72,1728,4533.0,4378.0,155.0,4378.0,0.0,2.009640666082384,1.6441129424508651,20.0,3,1,100,0.02,25,0,5000,100,90,0,504,20,true,0,0,0,false,0,0
73,1752,4532.0,4406.0,126.0,4406.0,0.0,2.009640666082384,1.6441129424508685,20.0,3,1,100,0.02,25,0,5000,100,90,0,504,20,true,0,0,0,false,0,0
74,1776,4532.0,4426.0,106.0,4426.0,0.0,2.009640666082384,1.6441129424508645,20.0,3,1,100,0.02,25,0,5000,100,90,0,504,20,true,0,0,0,false,0,0
75,1800,4531.0,4441.0,90.0,4441.0,0.0,2.009640666082384,1.6441129424508614,20.0,3,1,100,0.02,25,0,5000,100,90,0,504,20,true,0,0,0,false,0,0
76,1824,4531.0,4455.0,76.0,4455.0,0.0,2.009640666082384,1.6441129424508594,20.0,3,1,100,0.02,25,0,5000,100,90,0,504,20,true,0,0,0,false,0,0
77,1848,4531.0,4473.0,58.0,4473.0,0.0,2.009640666082384,1.6441129424508674,20.0,3,1,100,0.02,25,0,5000,100,90,0,504,20,true,0,0,0,false,0,0
78,1872,4531.0,4487.0,44.0,4487.0,0.0,2.009640666082384,1.644112942450867,20.0,3,1,100,0.02,25,0,5000,100,90,0,504,20,true,0,0,0,false,0,0
79,1896,4531.0,4497.0,34.0,4497.0,0.0,2.009640666082384,1.6441129424508645,20.0,3,1,100,0.02,25,0,5000,100,90,0,504,20,true,0,0,0,false,0,0
80,1920,4530.0,4506.0,24.0,4506.0,0.0,2.009640666082384,1.6441129424508698,20.0,3,1,100,0.02,25,0,5000,100,90,0,504,20,true,0,0,0,false,0,0
81,1944,4530.0,4513.0,17.0,4513.0,0.0,2.009640666082384,1.6441129424508656,20.0,3,1,100,0.02,25,0,5000,100,90,0,504,20,true,0,0,0,false,0,0
82,1968,4530.0,4514.0,16.0,4514.0,0.0,2.009640666082384,1.6441129424508605,20.0,3,1,100,0.02,25,0,5000,100,90,0,504,20,true,0,0,0,false,0,0
83,1992,4530.0,4518.0,12.0,4518.0,0.0,2.009640666082384,1.6441129424508598,20.0,3,1,100,0.02,25,0,5000,100,90,0,504,20,true,0,0,0,false,0,0
84,2016,4530.0,4522.0,8.0,4522.0,0.0,2.009640666082384,1.6441129424508638,20.0,3,1,100,0.02,25,0,5000,100,90,0,504,20,true,0,0,0,false,0,0
85,2040,4530.0,4526.0,4.0,4526.0,0.0,2.009640666082384,1.644112942450862,20.0,3,1,100,0.02,25,0,5000,100,90,0,504,20,true,0,0,0,false,0,0
86,2064,4530.0,4526.0,4.0,4526.0,0.0,2.009640666082384,1.6441129424508687,20.0,3,1,100,0.02,25,0,5000,100,90,0,504,20,true,0,0,0,false,0,0
87,2088,4530.0,4526.0,4.0,4526.0,0.0,2.009640666082384,1.6441129424508607,20.0,3,1,100,0.02,25,0,5000,100,90,0,504,20,true,0,0,0,false,0,0
88,2112,4530.0,4528.0,2.0,4528.0,0.0,2.009640666082384,1.6441129424508718,20.0,3,1,100,0.02,25,0,5000,100,90,0,504,20,true,0,0,0,false,0,0
89,2136,4530.0,4528.0,2.0,4528.0,0.0,2.009640666082384,1.6441129424508631,20.0,3,1,100,0.02,25,0,5000,100,90,0,504,20,true,0,0,0,false,0,0
90,2160,4530.0,4528.0,2.0,4528.0,0.0,2.009640666082384,1.6441129424508625,20.0,3,1,100,0.02,25,0,5000,100,90,0,504,20,true,0,0,0,false,0,0
91,2184,,,,,,,,,3,1,100,0.02,25,0,5000,100,90,0,504,20,true,0,0,0,false,0,0
92,2208,,,,,,,,,3,1,100,0.02,25,0,5000,100,90,0,504,20,true,0,0,0,false,0,0
93,2232,,,,,,,,,3,1,100,0.02,25,0,5000,100,90,0,504,20,true,0,0,0,false,0,0
94,2256,,,,,,,,,3,1,100,0.02,25,0,5000,100,90,0,504,20,true,0,0,0,false,0,0
0,0,5000.0,4999.0,1.0,0.0,0.0,0.0,0.0,0.0,4,1,100,0.02,25,0,5000,100,90,0,504,20,true,0,0,0,false,0,0
1,24,5000.0,4985.0,15.0,0.0,0.0,1.75,0.8864052604279183,3.0,4,1,100,0.02,25,0,5000,100,90,0,504,20,true,0,0,0,false,0,0
2,48,5000.0,4962.0,38.0,0.0,0.0,2.055555555555556,0.8726040960806521,4.0,4,1,100,0.02,25,0,5000,100,90,0,504,20,true,0,0,0,false,0,0
3,72,5000.0,4928.0,72.0,0.0,0.0,1.8205128205128205,0.913979006778224,4.0,4,1,100,0.02,25,0,5000,100,90,0,504,20,true,0,0,0,false,0,0
4,96,4998.0,4894.0,104.0,0.0,0.0,1.6885245901639343,0.9405846339122876,4.0,4,1,100,0.02,25,0,5000,100,90,0,504,20,true,0,0,0,false,0,0
5,120,4994.0,4850.0,144.0,0.0,0.0,1.6590909090909092,0.9929216569940948,5.0,4,1,100,0.02,25,0,5000,100,90,0,504,20,true,0,0,0,false,0,0
6,144,4992.0,4793.0,199.0,1.0,0.0,1.75,1.0032555701965649,5.0,4,1,100,0.02,25,0,5000,100,90,0,504,20,true,0,0,0,false,0,0
7,168,4992.0,4751.0,241.0,1.0,0.0,1.8014705882352944,1.0598382332271379,6.0,4,1,100,0.02,25,0,5000,100,90,0,504,20,true,0,0,0,false,0,0
8,192,4991.0,4700.0,291.0,1.0,0.0,1.798780487804878,1.1031459645048969,7.0,4,1,100,0.02,25,0,5000,100,90,0,504,20,true,0,0,0,false,0,0
9,216,4990.0,4631.0,359.0,1.0,0.0,1.8109452736318408,1.1636492607268103,9.0,4,1,100,0.02,25,0,5000,100,90,0,504,20,true,0,0,0,false,0,0
10,240,4989.0,4583.0,406.0,3.0,0.0,1.8237885462555063,1.1729841337794455,10.0,4,1,100,0.02,25,0,5000,100,90,0,504,20,true,0,0,0,false,0,0
11,264,4988.0,4526.0,462.0,7.0,0.0,1.865612648221344,1.1942833908319908,10.0,4,1,100,0.02,25,0,5000,100,90,0,504,20,true,0,0,0,false,0,0
12,288,4985.0,4441.0,544.0,12.0,0.0,1.9146757679180888,1.320111678284709,12.0,4,1,100,0.02,25,0,5000,100,90,0,504,20,true,0,0,0,false,0,0
13,312,4984.0,4340.0,644.0,14.0,0.0,1.9269005847953216,1.3211260133563367,12.0,4,1,100,0.02,25,0,5000,100,90,0,504,20,true,0,0,0,false,0,0
14,336,4984.0,4242.0,742.0,16.0,0.0,1.8787128712871288,1.3170545100203517,12.0,4,1,100,0.02,25,0,5000,100,90,0,504,20,true,0,0,0,false,0,0
15,360,4977.0,4150.0,827.0,23.0,0.0,1.9146067415730337,1.307251997202023,12.0,4,1,100,0.02,25,0,5000,100,90,0,504,20,true,0,0,0,false,0,0
16,384,4972.0,4043.0,929.0,28.0,0.0,1.921686746987952,1.3153984968434655,12.0,4,1,100,0.02,25,0,5000,100,90,0,504,20,true,0,0,0,false,0,0
17,408,4969.0,3925.0,1044.0,42.0,0.0,1.9070175438596493,1.2962511377020849,12.0,4,1,100,0.02,25,0,5000,100,90,0,504,20,true,0,0,0,false,0,0
18,432,4961.0,3799.0,1162.0,55.0,0.0,1.970873786407767,1.351795569304691,13.0,4,1,100,0.02,25,0,5000,100,90,0,504,20,true,0,0,0,false,0,0
19,456,4957.0,3647.0,1310.0,66.0,0.0,1.9713876967095847,1.3696609048136863,13.0,4,1,100,0.02,25,0,5000,100,90,0,504,20,true,0,0,0,false,0,0
20,480,4949.0,3512.0,1437.0,88.0,0.0,1.990861618798956,1.429354272294863,13.0,4,1,100,0.02,25,0,5000,100,90,0,504,20,true,0,0,0,false,0,0
21,504,4947.0,3360.0,1587.0,100.0,0.0,1.9940898345153664,1.498310863208229,13.0,4,1,100,0.02,25,0,5000,100,90,0,504,20,true,0,0,0,false,0,0
22,528,4939.0,3180.0,1759.0,116.0,0.0,2.009646302250804,1.538111399521756,14.0,4,1,100,0.02,25,0,5000,100,90,0,504,20,true,0,0,0,false,0,0
23,552,4930.0,2983.0,1947.0,143.0,0.0,2.01542912246866,1.5427477411110262,14.0,4,1,100,0.02,25,0,5000,100,90,0,504,20,true,0,0,0,false,0,0
24,576,4927.0,2795.0,2132.0,182.0,0.0,2.0351802990325423,1.5918456346901129,14.0,4,1,100,0.02,25,0,5000,100,90,0,504,20,true,0,0,0,false,0,0
25,600,4923.0,2657.0,2266.0,208.0,0.0,2.015484922575387,1.5743420351935506,15.0,4,1,100,0.02,25,0,5000,100,90,0,504,20,true,0,0,0,false,0,0
26,624,4915.0,2521.0,2394.0,245.0,0.0,2.0191277735271616,1.5703321908544792,15.0,4,1,100,0.02,25,0,5000,100,90,0,504,20,true,0,0,0,false,0,0
27,648,4896.0,2404.0,2492.0,290.0,0.0,2.0218023255813957,1.5801831724047009,15.0,4,1,100,0.02,25,0,5000,100,90,0,504,20,true,0,0,0,false,0,0
28,672,4881.0,2299.0,2582.0,352.0,0.0,2.0241046831955924,1.5716642195717805,16.0,4,1,100,0.02,25,0,5000,100,90,0,504,20,true,0,0,0,false,0,0
29,696,4872.0,2207.0,2665.0,414.0,0.0,2.032236842105263,1.5807058353608676,16.0,4,1,100,0.02,25,0,5000,100,90,0,504,20,true,0,0,0,false,0,0
30,720,4858.0,2152.0,2706.0,474.0,0.0,2.034438775510204,1.5812680415082725,16.0,4,1,100,0.02,25,0,5000,100,90,0,504,20,true,0,0,0,false,0,0
31,744,4841.0,2107.0,2734.0,544.0,0.0,2.035272277227723,1.5865123226649591,16.0,4,1,100,0.02,25,0,5000,100,90,0,504,20,true,0,0,0,false,0,0
32,768,4828.0,2066.0,2762.0,624.0,0.0,2.0220107079119574,1.5781592660225816,16.0,4,1,100,0.02,25,0,5000,100,90,0,504,20,true,0,0,0,false,0,0
33,792,4812.0,1985.0,2827.0,676.0,0.0,2.0276338514680483,1.5669898303852732,16.0,4,1,100,0.02,25,0,5000,100,90,0,504,20,true,0,0,0,false,0,0
34,816,4802.0,1984.0,2818.0,780.0,0.0,2.026890756302521,1.5677361580525688,16.0,4,1,100,0.02,25,0,5000,100,90,0,504,20,true,0,0,0,false,0,0
35,840,4786.0,1953.0,2833.0,871.0,0.0,2.02835332606325,1.5644937910307744,16.0,4,1,100,0.02,25,0,5000,100,90,0,504,20,true,0,0,0,false,0,0
36,864,4772.0,1941.0,2831.0,973.0,0.0,2.0249336870026524,1.5659304155021647,16.0,4,1,100,0.02,25,0,5000,100,90,0,504,20,true,0,0,0,false,0,0
37,888,4760.0,1969.0,2791.0,1093.0,0.0,2.021784232365145,1.5625822344301905,16.0,4,1,100,0.02,25,0,5000,100,90,0,504,20,true,0,0,0,false,0,0
38,912,4745.0,2007.0,2738.0,1210.0,0.0,2.0177845528455283,1.5628467144598666,16.0,4,1,100,0.02,25,0,5000,100,90,0,504,20,true,0,0,0,false,0,0
39,936,4733.0,2020.0,2713.0,1323.0,0.0,2.023453093812375,1.560543465730054,16.0,4,1,100,0.02,25,0,5000,100,90,0,504,20,true,0,0,0,false,0,0
40,960,4716.0,2087.0,2629.0,1461.0,0.0,2.0241260462826194,1.5583586514558987,16.0,4,1,100,0.02,25,0,5000,100,90,0,504,20,true,0,0,0,false,0,0
41,984,4701.0,2143.0,2558.0,1597.0,0.0,2.0222329627839537,1.5528997776406923,16.0,4,1,100,0.02,25,0,5000,100,90,0,504,20,true,0,0,0,false,0,0
42,1008,4689.0,2195.0,2494.0,1710.0,0.0,2.0224236641221376,1.5485686805468375,16.0,4,1,100,0.02,25,0,5000,100,90,0,504,20,true,0,0,0,false,0,0
43,1032,4680.0,2275.0,2405.0,1850.0,0.0,2.020235294117647,1.5444039498880415,16.0,4,1,100,0.02,25,0,5000,100,90,0,504,20,true,0,0,0,false,0,0
44,1056,4671.0,2346.0,2325.0,1982.0,0.0,2.0223255813953487,1.545182454931735,16.0,4,1,100,0.02,25,0,5000,100,90,0,504,20,true,0,0,0,false,0,0
45,1080,4664.0,2415.0,2249.0,2122.0,0.0,2.020164986251146,1.5383099184291624,16.0,4,1,100,0.02,25,0,5000,100,90,0,504,20,true,0,0,0,false,0,0
46,1104,4653.0,2482.0,2171.0,2267.0,0.0,2.018460153084196,1.5343283787212325,16.0,4,1,100,0.02,25,0,5000,100,90,0,504,20,true,0,0,0,false,0,0
47,1128,4644.0,2550.0,2094.0,2410.0,0.0,2.015500442869796,1.5321770305793134,16.0,4,1,100,0.02,25,0,5000,100,90,0,504,20,true,0,0,0,false,0,0
48,1152,4630.0,2642.0,1988.0,2550.0,0.0,2.0153913808267365,1.5308042883801043,16.0,4,1,100,0.02,25,0,5000,100,90,0,504,20,true,0,0,0,false,0,0
49,1176,4622.0,2727.0,1895.0,2671.0,0.0,2.013543031891656,1.529228656005251,16.0,4,1,100,0.02,25,0,5000,100,90,0,504,20,true,0,0,0,false,0,0
50,1200,4616.0,2827.0,1789.0,2802.0,0.0,2.0152173913043483,1.530389192100232,16.0,4,1,100,0.02,25,0,5000,100,90,0,504,20,true,0,0,0,false,0,0
51,1224,4606.0,2944.0,1662.0,2926.0,0.0,2.014372822299652,1.5308769322320384,16.0,4,1,100,0.02,25,0,5000,100,90,0,504,20,true,0,0,0,false,0,0
52,1248,4596.0,3047.0,1549.0,3033.0,0.0,2.010893246187364,1.530669840555753,16.0,4,1,100,0.02,25,0,5000,100,90,0,504,20,true,0,0,0,false,0,0
53,1272,4586.0,3159.0,1427.0,3150.0,0.0,2.009606986899563,1.5316364734211223,16.0,4,1,100,0.02,25,0,5000,100,90,0,504,20,true,0,0,0,false,0,0
54,1296,4576.0,3257.0,1319.0,3251.0,0.0,2.0083150984682714,1.5314625081288402,16.0,4,1,100,0.02,25,0,5000,100,90,0,504,20,true,0,0,0,false,0,0
55,1320,4570.0,3353.0,1217.0,3353.0,0.0,2.0087527352297587,1.5316030064588482,16.0,4,1,100,0.02,25,0,5000,100,90,0,504,20,true,0,0,0,false,0,0
56,1344,4565.0,3460.0,1105.0,3460.0,0.0,2.008756567425569,1.5319383952661738,16.0,4,1,100,0.02,25,0,5000,100,90,0,504,20,true,0,0,0,false,0,0
57,1368,4563.0,3554.0,1009.0,3554.0,0.0,2.008756567425569,1.5319383952661754,16.0,4,1,100,0.02,25,0,5000,100,90,0,504,20,true,0,0,0,false,0,0
58,1392,4556.0,3633.0,923.0,3633.0,0.0,2.009644892590969,1.5326544758243672,16.0,4,1,100,0.02,25,0,5000,100,90,0,504,20,true,0,0,0,false,0,0
59,1416,4552.0,3719.0,833.0,3719.0,0.0,2.009649122807017,1.5329906815454606,16.0,4,1,100,0.02,25,0,5000,100,90,0,504,20,true,0,0,0,false,0,0
60,1440,4548.0,3804.0,744.0,3804.0,0.0,2.0096575943810358,1.5333773741918937,16.0,4,1,100,0.02,25,0,5000,100,90,0,504,20,true,0,0,0,false,0,0
61,1464,4545.0,3872.0,673.0,3872.0,0.0,2.0083479789103693,1.5333424509301696,16.0,4,1,100,0.02,25,0,5000,100,90,0,504,20,true,0,0,0,false,0,0
62,1488,4541.0,3936.0,605.0,3936.0,0.0,2.0079190497140345,1.533639441689673,16.0,4,1,100,0.02,25,0,5000,100,90,0,504,20,true,0,0,0,false,0,0
63,1512,4541.0,4001.0,540.0,4001.0,0.0,2.0079190497140345,1.5336394416896704,16.0,4,1,100,0.02,25,0,5000,100,90,0,504,20,true,0,0,0,false,0,0
64,1536,4538.0,4062.0,476.0,4062.0,0.0,2.0079190497140345,1.5336394416896713,16.0,4,1,100,0.02,25,0,5000,100,90,0,504,20,true,0,0,0,false,0,0
65,1560,4537.0,4125.0,412.0,4125.0,0.0,2.0074823943661966,1.5338357302025685,16.0,4,1,100,0.02,25,0,5000,100,90,0,504,20,true,0,0,0,false,0,0
66,1584,4534.0,4186.0,348.0,4186.0,0.0,2.0079260237780714,1.5340277426533206,16.0,4,1,100,0.02,25,0,5000,100,90,0,504,20,true,0,0,0,false,0,0
67,1608,4532.0,4237.0,295.0,4237.0,0.0,2.0083737329219917,1.5345579563134788,16.0,4,1,100,0.02,25,0,5000,100,90,0,504,20,true,0,0,0,false,0,0
68,1632,4531.0,4281.0,250.0,4281.0,0.0,2.0083737329219917,1.5345579563134781,16.0,4,1,100,0.02,25,0,5000,100,90,0,504,20,true,0,0,0,false,0,0
69,1656,4528.0,4326.0,202.0,4326.0,0.0,2.007936507936508,1.534755008023259,16.0,4,1,100,0.02,25,0,5000,100,90,0,504,20,true,0,0,0,false,0,0
70,1680,4528.0,4356.0,172.0,4356.0,0.0,2.007936507936508,1.534755008023264,16.0,4,1,100,0.02,25,0,5000,100,90,0,504,20,true,0,0,0,false,0,0
71,1704,4528.0,4390.0,138.0,4390.0,0.0,2.007936507936508,1.534755008023264,16.0,4,1,100,0.02,25,0,5000,100,90,0,504,20,true,0,0,0,false,0,0
72,1728,4527.0,4413.0,114.0,4413.0,0.0,2.007940008822232,1.535093610113046,16.0,4,1,100,0.02,25,0,5000,100,90,0,504,20,true,0,0,0,false,0,0
73,1752,4527.0,4429.0,98.0,4429.0,0.0,2.007940008822232,1.5350936101130448,16.0,4,1,100,0.02,25,0,5000,100,90,0,504,20,true,0,0,0,false,0,0
74,1776,4526.0,4448.0,78.0,4448.0,0.0,2.008384819064431,1.5352863109874375,16.0,4,1,100,0.02,25,0,5000,100,90,0,504,20,true,0,0,0,false,0,0
75,1800,4526.0,4459.0,67.0,4459.0,0.0,2.008384819064431,1.5352863109874355,16.0,4,1,100,0.02,25,0,5000,100,90,0,504,20,true,0,0,0,false,0,0
76,1824,4526.0,4472.0,54.0,4472.0,0.0,2.008384819064431,1.5352863109874346,16.0,4,1,100,0.02,25,0,5000,100,90,0,504,20,true,0,0,0,false,0,0
77,1848,4526.0,4484.0,42.0,4484.0,0.0,2.008384819064431,1.5352863109874355,16.0,4,1,100,0.02,25,0,5000,100,90,0,504,20,true,0,0,0,false,0,0
78,1872,4525.0,4489.0,36.0,4489.0,0.0,2.0088300220750552,1.5354790287925135,16.0,4,1,100,0.02,25,0,5000,100,90,0,504,20,true,0,0,0,false,0,0
79,1896,4525.0,4497.0,28.0,4497.0,0.0,2.0088300220750552,1.5354790287925142,16.0,4,1,100,0.02,25,0,5000,100,90,0,504,20,true,0,0,0,false,0,0
80,1920,4525.0,4507.0,18.0,4507.0,0.0,2.0088300220750552,1.5354790287925135,16.0,4,1,100,0.02,25,0,5000,100,90,0,504,20,true,0,0,0,false,0,0
81,1944,4525.0,4512.0,13.0,4512.0,0.0,2.0088300220750552,1.5354790287925133,16.0,4,1,100,0.02,25,0,5000,100,90,0,504,20,true,0,0,0,false,0,0
82,1968,4525.0,4515.0,10.0,4515.0,0.0,2.0088300220750552,1.5354790287925166,16.0,4,1,100,0.02,25,0,5000,100,90,0,504,20,true,0,0,0,false,0,0
83,1992,4525.0,4517.0,8.0,4517.0,0.0,2.0088300220750552,1.5354790287925142,16.0,4,1,100,0.02,25,0,5000,100,90,0,504,20,true,0,0,0,false,0,0
84,2016,4525.0,4521.0,4.0,4521.0,0.0,2.0088300220750552,1.5354790287925129,16.0,4,1,100,0.02,25,0,5000,100,90,0,504,20,true,0,0,0,false,0,0
85,2040,4525.0,4522.0,3.0,4522.0,0.0,2.0088300220750552,1.5354790287925146,16.0,4,1,100,0.02,25,0,5000,100,90,0,504,20,true,0,0,0,false,0,0
86,2064,4525.0,4522.0,3.0,4522.0,0.0,2.0088300220750552,1.5354790287925135,16.0,4,1,100,0.02,25,0,5000,100,90,0,504,20,true,0,0,0,false,0,0
87,2088,4525.0,4524.0,1.0,4524.0,0.0,2.0088300220750552,1.5354790287925149,16.0,4,1,100,0.02,25,0,5000,100,90,0,504,20,true,0,0,0,false,0,0
88,2112,,,,,,,,,4,1,100,0.02,25,0,5000,100,90,0,504,20,true,0,0,0,false,0,0
89,2136,,,,,,,,,4,1,100,0.02,25,0,5000,100,90,0,504,20,true,0,0,0,false,0,0
90,2160,,,,,,,,,4,1,100,0.02,25,0,5000,100,90,0,504,20,true,0,0,0,false,0,0
91,2184,,,,,,,,,4,1,100,0.02,25,0,5000,100,90,0,504,20,true,0,0,0,false,0,0
92,2208,,,,,,,,,4,1,100,0.02,25,0,5000,100,90,0,504,20,true,0,0,0,false,0,0
93,2232,,,,,,,,,4,1,100,0.02,25,0,5000,100,90,0,504,20,true,0,0,0,false,0,0
94,2256,,,,,,,,,4,1,100,0.02,25,0,5000,100,90,0,504,20,true,0,0,0,false,0,0
0,0,5000.0,4999.0,1.0,0.0,0.0,0.0,0.0,0.0,5,1,100,0.02,25,0,5000,100,90,0,504,20,true,0,0,0,false,0,0
1,24,5000.0,4984.0,16.0,0.0,0.0,1.5,0.8498365855987975,3.0,5,1,100,0.02,25,0,5000,100,90,0,504,20,true,0,0,0,false,0,0
2,48,5000.0,4960.0,40.0,0.0,0.0,1.6956521739130437,1.0632190661423901,5.0,5,1,100,0.02,25,0,5000,100,90,0,504,20,true,0,0,0,false,0,0
3,72,5000.0,4943.0,57.0,0.0,0.0,1.75,1.0472698761772856,5.0,5,1,100,0.02,25,0,5000,100,90,0,504,20,true,0,0,0,false,0,0
4,96,5000.0,4915.0,85.0,0.0,0.0,1.9090909090909087,1.1776638644323996,5.0,5,1,100,0.02,25,0,5000,100,90,0,504,20,true,0,0,0,false,0,0
5,120,5000.0,4884.0,116.0,1.0,0.0,1.8412698412698407,1.095538594987889,5.0,5,1,100,0.02,25,0,5000,100,90,0,504,20,true,0,0,0,false,0,0
6,144,5000.0,4849.0,151.0,1.0,0.0,1.9610389610389607,1.2187305565688813,6.0,5,1,100,0.02,25,0,5000,100,90,0,504,20,true,0,0,0,false,0,0
7,168,4999.0,4806.0,193.0,1.0,0.0,1.8737864077669903,1.405030260301343,8.0,5,1,100,0.02,25,0,5000,100,90,0,504,20,true,0,0,0,false,0,0
8,192,4999.0,4762.0,237.0,2.0,0.0,1.966942148760331,1.505179304366098,11.0,5,1,100,0.02,25,0,5000,100,90,0,504,20,true,0,0,0,false,0,0
9,216,4996.0,4698.0,298.0,4.0,0.0,1.9610389610389607,1.454688686607105,12.0,5,1,100,0.02,25,0,5000,100,90,0,504,20,true,0,0,0,false,0,0
10,240,4996.0,4651.0,345.0,5.0,0.0,2.0,1.4700066463216706,12.0,5,1,100,0.02,25,0,5000,100,90,0,504,20,true,0,0,0,false,0,0
11,264,4993.0,4601.0,392.0,9.0,0.0,2.0,1.5329709716755893,12.0,5,1,100,0.02,25,0,5000,100,90,0,504,20,true,0,0,0,false,0,0
12,288,4993.0,4538.0,455.0,13.0,0.0,2.0042735042735043,1.5124600182644878,12.0,5,1,100,0.02,25,0,5000,100,90,0,504,20,true,0,0,0,false,0,0
13,312,4993.0,4476.0,517.0,17.0,0.0,2.011278195488722,1.525835577350218,12.0,5,1,100,0.02,25,0,5000,100,90,0,504,20,true,0,0,0,false,0,0
14,336,4992.0,4402.0,590.0,18.0,0.0,2.0232558139534884,1.6358863135950945,12.0,5,1,100,0.02,25,0,5000,100,90,0,504,20,true,0,0,0,false,0,0
15,360,4988.0,4313.0,675.0,21.0,0.0,2.0231213872832368,1.5768387278438467,12.0,5,1,100,0.02,25,0,5000,100,90,0,504,20,true,0,0,0,false,0,0
16,384,4985.0,4217.0,768.0,32.0,0.0,1.9828009828009827,1.5432034422704932,12.0,5,1,100,0.02,25,0,5000,100,90,0,504,20,true,0,0,0,false,0,0
17,408,4984.0,4106.0,878.0,37.0,0.0,1.9806451612903224,1.5388824079923975,12.0,5,1,100,0.02,25,0,5000,100,90,0,504,20,true,0,0,0,false,0,0
18,432,4983.0,4001.0,982.0,50.0,0.0,2.013565891472868,1.5597516847177877,12.0,5,1,100,0.02,25,0,5000,100,90,0,504,20,true,0,0,0,false,0,0
19,456,4982.0,3917.0,1065.0,62.0,0.0,1.9964788732394363,1.5578174925006016,12.0,5,1,100,0.02,25,0,5000,100,90,0,504,20,true,0,0,0,false,0,0
20,480,4973.0,3825.0,1148.0,74.0,0.0,2.0147299509001635,1.5789950271632898,13.0,5,1,100,0.02,25,0,5000,100,90,0,504,20,true,0,0,0,false,0,0
21,504,4965.0,3691.0,1274.0,90.0,0.0,2.014705882352941,1.5868814839640522,13.0,5,1,100,0.02,25,0,5000,100,90,0,504,20,true,0,0,0,false,0,0
22,528,4957.0,3558.0,1399.0,107.0,0.0,2.007936507936508,1.5996491258287802,13.0,5,1,100,0.02,25,0,5000,100,90,0,504,20,true,0,0,0,false,0,0
23,552,4950.0,3407.0,1543.0,133.0,0.0,2.0023781212841856,1.6176096576347316,13.0,5,1,100,0.02,25,0,5000,100,90,0,504,20,true,0,0,0,false,0,0
24,576,4943.0,3263.0,1680.0,151.0,0.0,2.0032715376226826,1.6149513577743528,13.0,5,1,100,0.02,25,0,5000,100,90,0,504,20,true,0,0,0,false,0,0
25,600,4935.0,3131.0,1804.0,175.0,0.0,2.005040322580645,1.6031549364108018,13.0,5,1,100,0.02,25,0,5000,100,90,0,504,20,true,0,0,0,false,0,0
26,624,4930.0,2976.0,1954.0,201.0,0.0,1.9972350230414744,1.593631150714843,13.0,5,1,100,0.02,25,0,5000,100,90,0,504,20,true,0,0,0,false,0,0
27,648,4919.0,2823.0,2096.0,236.0,0.0,2.004280821917808,1.5977111402417157,13.0,5,1,100,0.02,25,0,5000,100,90,0,504,20,true,0,0,0,false,0,0
28,672,4905.0,2673.0,2232.0,282.0,0.0,1.9952644041041832,1.5858705670109756,13.0,5,1,100,0.02,25,0,5000,100,90,0,504,20,true,0,0,0,false,0,0
29,696,4896.0,2529.0,2367.0,332.0,0.0,1.98900293255132,1.5670008280158503,13.0,5,1,100,0.02,25,0,5000,100,90,0,504,20,true,0,0,0,false,0,0
30,720,4885.0,2412.0,2473.0,397.0,0.0,1.9760273972602742,1.5457742611449323,13.0,5,1,100,0.02,25,0,5000,100,90,0,504,20,true,0,0,0,false,0,0
31,744,4874.0,2298.0,2576.0,458.0,0.0,1.9785992217898836,1.5458163535101388,13.0,5,1,100,0.02,25,0,5000,100,90,0,504,20,true,0,0,0,false,0,0
32,768,4864.0,2213.0,2651.0,527.0,0.0,1.9771181199752628,1.5455448129498068,13.0,5,1,100,0.02,25,0,5000,100,90,0,504,20,true,0,0,0,false,0,0
33,792,4857.0,2082.0,2775.0,593.0,0.0,1.9784004670169293,1.5528465001679534,13.0,5,1,100,0.02,25,0,5000,100,90,0,504,20,true,0,0,0,false,0,0
34,816,4837.0,1948.0,2889.0,652.0,0.0,1.981636060100167,1.5570791694964643,13.0,5,1,100,0.02,25,0,5000,100,90,0,504,20,true,0,0,0,false,0,0
35,840,4825.0,1848.0,2977.0,738.0,0.0,1.976744186046512,1.559837132372233,13.0,5,1,100,0.02,25,0,5000,100,90,0,504,20,true,0,0,0,false,0,0
36,864,4815.0,1776.0,3039.0,821.0,0.0,1.976602238046796,1.550330130311535,13.0,5,1,100,0.02,25,0,5000,100,90,0,504,20,true,0,0,0,false,0,0
37,888,4798.0,1744.0,3054.0,912.0,0.0,1.9831013916500997,1.557041631149226,13.0,5,1,100,0.02,25,0,5000,100,90,0,504,20,true,0,0,0,false,0,0
38,912,4777.0,1715.0,3062.0,1012.0,0.0,1.9767554479418885,1.5453236944066913,13.0,5,1,100,0.02,25,0,5000,100,90,0,504,20,true,0,0,0,false,0,0
39,936,4757.0,1675.0,3082.0,1103.0,0.0,1.9693540782649692,1.5340487826317581,15.0,5,1,100,0.02,25,0,5000,100,90,0,504,20,true,0,0,0,false,0,0
40,960,4745.0,1693.0,3052.0,1236.0,0.0,1.957398076042144,1.5178494998075258,15.0,5,1,100,0.02,25,0,5000,100,90,0,504,20,true,0,0,0,false,0,0
41,984,4735.0,1728.0,3007.0,1375.0,0.0,1.962696629213483,1.5181610154413978,15.0,5,1,100,0.02,25,0,5000,100,90,0,504,20,true,0,0,0,false,0,0
42,1008,4721.0,1761.0,2960.0,1482.0,0.0,1.9627659574468088,1.5172142082202866,15.0,5,1,100,0.02,25,0,5000,100,90,0,504,20,true,0,0,0,false,0,0
43,1032,4701.0,1830.0,2871.0,1618.0,0.0,1.961892247043364,1.5210593870223301,15.0,5,1,100,0.02,25,0,5000,100,90,0,504,20,true,0,0,0,false,0,0
44,1056,4687.0,1907.0,2780.0,1748.0,0.0,1.9546827794561932,1.5133604322366947,15.0,5,1,100,0.02,25,0,5000,100,90,0,504,20,true,0,0,0,false,0,0
45,1080,4672.0,2000.0,2672.0,1877.0,0.0,1.9553264604811,1.5127809525917244,15.0,5,1,100,0.02,25,0,5000,100,90,0,504,20,true,0,0,0,false,0,0
46,1104,4658.0,2121.0,2537.0,2030.0,0.0,1.9530516431924885,1.5120969204450605,15.0,5,1,100,0.02,25,0,5000,100,90,0,504,20,true,0,0,0,false,0,0
47,1128,4642.0,2225.0,2417.0,2168.0,0.0,1.9574829931972788,1.5155157132836246,15.0,5,1,100,0.02,25,0,5000,100,90,0,504,20,true,0,0,0,false,0,0
48,1152,4626.0,2335.0,2291.0,2306.0,0.0,1.9584217225286382,1.5164526855038216,15.0,5,1,100,0.02,25,0,5000,100,90,0,504,20,true,0,0,0,false,0,0
49,1176,4618.0,2459.0,2159.0,2444.0,0.0,1.9563744176196527,1.5166458539134158,15.0,5,1,100,0.02,25,0,5000,100,90,0,504,20,true,0,0,0,false,0,0
50,1200,4607.0,2595.0,2012.0,2585.0,0.0,1.9584040747028864,1.5173341802561544,15.0,5,1,100,0.02,25,0,5000,100,90,0,504,20,true,0,0,0,false,0,0
51,1224,4595.0,2719.0,1876.0,2713.0,0.0,1.9587935429056924,1.5184099000568376,15.0,5,1,100,0.02,25,0,5000,100,90,0,504,20,true,0,0,0,false,0,0
52,1248,4589.0,2838.0,1751.0,2835.0,0.0,1.9592183517417163,1.5194006694388444,15.0,5,1,100,0.02,25,0,5000,100,90,0,504,20,true,0,0,0,false,0,0
53,1272,4583.0,2964.0,1619.0,2961.0,0.0,1.9600340136054424,1.519789100482105,15.0,5,1,100,0.02,25,0,5000,100,90,0,504,20,true,0,0,0,false,0,0
54,1296,4573.0,3093.0,1480.0,3092.0,0.0,1.9604423649510847,1.5199833621626249,15.0,5,1,100,0.02,25,0,5000,100,90,0,504,20,true,0,0,0,false,0,0
55,1320,4571.0,3226.0,1345.0,3226.0,0.0,1.9608677158655887,1.5198543925022248,15.0,5,1,100,0.02,25,0,5000,100,90,0,504,20,true,0,0,0,false,0,0
56,1344,4569.0,3381.0,1188.0,3381.0,0.0,1.9616858237547887,1.5202427017717868,15.0,5,1,100,0.02,25,0,5000,100,90,0,504,20,true,0,0,0,false,0,0
57,1368,4564.0,3506.0,1058.0,3506.0,0.0,1.9624893435635125,1.5209551289077194,15.0,5,1,100,0.02,25,0,5000,100,90,0,504,20,true,0,0,0,false,0,0
58,1392,4557.0,3622.0,935.0,3622.0,0.0,1.964133219470538,1.5217330873877013,15.0,5,1,100,0.02,25,0,5000,100,90,0,504,20,true,0,0,0,false,0,0
59,1416,4555.0,3729.0,826.0,3729.0,0.0,1.964133219470538,1.5217330873876969,15.0,5,1,100,0.02,25,0,5000,100,90,0,504,20,true,0,0,0,false,0,0
60,1440,4550.0,3821.0,729.0,3821.0,0.0,1.961522017956392,1.5201156170314694,15.0,5,1,100,0.02,25,0,5000,100,90,0,504,20,true,0,0,0,false,0,0
61,1464,4547.0,3899.0,648.0,3899.0,0.0,1.961489088575096,1.520484277853694,15.0,5,1,100,0.02,25,0,5000,100,90,0,504,20,true,0,0,0,false,0,0
62,1488,4540.0,3981.0,559.0,3981.0,0.0,1.9618843683083511,1.5210051288132884,15.0,5,1,100,0.02,25,0,5000,100,90,0,504,20,true,0,0,0,false,0,0
63,1512,4540.0,4061.0,479.0,4061.0,0.0,1.9618843683083511,1.5210051288132835,15.0,5,1,100,0.02,25,0,5000,100,90,0,504,20,true,0,0,0,false,0,0
64,1536,4539.0,4133.0,406.0,4133.0,0.0,1.9618680377035131,1.5213308653782878,15.0,5,1,100,0.02,25,0,5000,100,90,0,504,20,true,0,0,0,false,0,0
65,1560,4538.0,4183.0,355.0,4183.0,0.0,1.9618680377035131,1.5213308653782922,15.0,5,1,100,0.02,25,0,5000,100,90,0,504,20,true,0,0,0,false,0,0
66,1584,4537.0,4238.0,299.0,4238.0,0.0,1.9622803257608232,1.5215265914146994,15.0,5,1,100,0.02,25,0,5000,100,90,0,504,20,true,0,0,0,false,0,0
67,1608,4536.0,4283.0,253.0,4283.0,0.0,1.9626929674099485,1.5217223482822164,15.0,5,1,100,0.02,25,0,5000,100,90,0,504,20,true,0,0,0,false,0,0
68,1632,4535.0,4331.0,204.0,4331.0,0.0,1.963105963105963,1.5219181358969904,15.0,5,1,100,0.02,25,0,5000,100,90,0,504,20,true,0,0,0,false,0,0
69,1656,4535.0,4369.0,166.0,4369.0,0.0,1.963105963105963,1.5219181358969867,15.0,5,1,100,0.02,25,0,5000,100,90,0,504,20,true,0,0,0,false,0,0
70,1680,4535.0,4394.0,141.0,4394.0,0.0,1.963105963105963,1.521918135896989,15.0,5,1,100,0.02,25,0,5000,100,90,0,504,20,true,0,0,0,false,0,0
71,1704,4534.0,4422.0,112.0,4422.0,0.0,1.9630901287553648,1.5222446408851855,15.0,5,1,100,0.02,25,0,5000,100,90,0,504,20,true,0,0,0,false,0,0
72,1728,4534.0,4443.0,91.0,4443.0,0.0,1.9630901287553648,1.5222446408851826,15.0,5,1,100,0.02,25,0,5000,100,90,0,504,20,true,0,0,0,false,0,0
73,1752,4534.0,4463.0,71.0,4463.0,0.0,1.9630901287553648,1.522244640885182,15.0,5,1,100,0.02,25,0,5000,100,90,0,504,20,true,0,0,0,false,0,0
74,1776,4533.0,4478.0,55.0,4478.0,0.0,1.9630901287553648,1.522244640885186,15.0,5,1,100,0.02,25,0,5000,100,90,0,504,20,true,0,0,0,false,0,0
75,1800,4533.0,4491.0,42.0,4491.0,0.0,1.9630901287553648,1.5222446408851826,15.0,5,1,100,0.02,25,0,5000,100,90,0,504,20,true,0,0,0,false,0,0
76,1824,4532.0,4501.0,31.0,4501.0,0.0,1.9630901287553648,1.522244640885182,15.0,5,1,100,0.02,25,0,5000,100,90,0,504,20,true,0,0,0,false,0,0
77,1848,4532.0,4510.0,22.0,4510.0,0.0,1.9630901287553648,1.522244640885185,15.0,5,1,100,0.02,25,0,5000,100,90,0,504,20,true,0,0,0,false,0,0
78,1872,4532.0,4521.0,11.0,4521.0,0.0,1.9630901287553648,1.5222446408851866,15.0,5,1,100,0.02,25,0,5000,100,90,0,504,20,true,0,0,0,false,0,0
79,1896,4532.0,4525.0,7.0,4525.0,0.0,1.9630901287553648,1.5222446408851795,15.0,5,1,100,0.02,25,0,5000,100,90,0,504,20,true,0,0,0,false,0,0
80,1920,4532.0,4527.0,5.0,4527.0,0.0,1.9630901287553648,1.5222446408851835,15.0,5,1,100,0.02,25,0,5000,100,90,0,504,20,true,0,0,0,false,0,0
81,1944,4532.0,4528.0,4.0,4528.0,0.0,1.9630901287553648,1.5222446408851802,15.0,5,1,100,0.02,25,0,5000,100,90,0,504,20,true,0,0,0,false,0,0
82,1968,4532.0,4528.0,4.0,4528.0,0.0,1.9630901287553648,1.522244640885185,15.0,5,1,100,0.02,25,0,5000,100,90,0,504,20,true,0,0,0,false,0,0
83,1992,4532.0,4530.0,2.0,4530.0,0.0,1.9630901287553648,1.5222446408851806,15.0,5,1,100,0.02,25,0,5000,100,90,0,504,20,true,0,0,0,false,0,0
84,2016,4532.0,4530.0,2.0,4530.0,0.0,1.9630901287553648,1.522244640885185,15.0,5,1,100,0.02,25,0,5000,100,90,0,504,20,true,0,0,0,false,0,0
85,2040,4532.0,4530.0,2.0,4530.0,0.0,1.9630901287553648,1.5222446408851862,15.0,5,1,100,0.02,25,0,5000,100,90,0,504,20,true,0,0,0,false,0,0
86,2064,4532.0,4530.0,2.0,4530.0,0.0,1.9630901287553648,1.5222446408851835,15.0,5,1,100,0.02,25,0,5000,100,90,0,504,20,true,0,0,0,false,0,0
87,2088,4532.0,4530.0,2.0,4530.0,0.0,1.9630901287553648,1.5222446408851822,15.0,5,1,100,0.02,25,0,5000,100,90,0,504,20,true,0,0,0,false,0,0
88,2112,4532.0,4530.0,2.0,4530.0,0.0,1.9630901287553648,1.5222446408851855,15.0,5,1,100,0.02,25,0,5000,100,90,0,504,20,true,0,0,0,false,0,0
89,2136,4532.0,4531.0,1.0,4531.0,0.0,1.9630901287553648,1.5222446408851824,15.0,5,1,100,0.02,25,0,5000,100,90,0,504,20,true,0,0,0,false,0,0
90,2160,4532.0,4531.0,1.0,4531.0,0.0,1.9630901287553648,1.5222446408851815,15.0,5,1,100,0.02,25,0,5000,100,90,0,504,20,true,0,0,0,false,0,0
91,2184,4532.0,4531.0,1.0,4531.0,0.0,1.9630901287553648,1.5222446408851842,15.0,5,1,100,0.02,25,0,5000,100,90,0,504,20,true,0,0,0,false,0,0
92,2208,4532.0,4531.0,1.0,4531.0,0.0,1.9630901287553648,1.5222446408851824,15.0,5,1,100,0.02,25,0,5000,100,90,0,504,20,true,0,0,0,false,0,0
93,2232,4532.0,4531.0,1.0,4531.0,0.0,1.9630901287553648,1.5222446408851802,15.0,5,1,100,0.02,25,0,5000,100,90,0,504,20,true,0,0,0,false,0,0
94,2256,4532.0,4531.0,1.0,4531.0,0.0,1.9630901287553648,1.5222446408851835,15.0,5,1,100,0.02,25,0,5000,100,90,0,504,20,true,0,0,0,false,0,0
